Order Number,Supplier,Equipment Type,Order Date,Rental Start,Rental End,Estimated Total
RXWXZ83,"Sunstate Equipment - Raleigh (Garner) NC","Tracked Skid Steer, 1700 lbs",2026-02-11,2026-02-12,2026-02-13,430
DW7SDB8,"Sunstate Equipment - Tucson AZ","Cushion Tire Forklift, 5000 lbs (Indoor Use Only)",2026-02-11,2026-02-16,2026-02-17,200
UYH3BTT,"Sunstate Equipment - Nashville TN","Cushion Tire Forklift, 5000 lbs (Indoor Use Only)",2026-02-11,2026-02-16,2026-02-20,500
YQB9XF3,"Skyblack Rentals - Houston TX","Electric Scissor Lift, 19 ft (Indoor Use Only)",2026-02-11,2026-02-11,2026-02-12,114.1
WJ5A447,"Brandt Material Handling - Calgary AB","Cushion Tire Forklift, 15,000 lbs (Indoor Use Only)",2026-02-10,2026-02-11,2026-02-12,600
WGJ6XJU,"Tejas Equipment Rental - San Marcos TX","Electric Scissor Lift, 19 ft (Indoor Use Only)",2026-02-10,2026-02-14,2026-03-14,397
CAH73K4,"Beck Equipment Inc - Preble NY","Telehandler Reach Forklift, 12000 lbs, 55 - 56 ft",2026-02-10,2026-02-14,2026-02-15,385
FQSSGRV,"Total Rental - Phoenixville PA","Custom/Other",2026-02-10,2026-02-11,2026-02-18,314
3C4XUK3,"Equipment Share","Custom/Other",2026-02-10,2026-02-11,2026-02-18,572
PWUU9TW,"Equipment Share - West Palm Beach (Lake Worth) FL","Excavator, 15 ton+",2026-02-10,2026-02-12,2026-02-13,709
EYB3CQW,"Sun Rental & Sales - Yuma, AZ","Rough Terrain Scissor Lift, 32 ft",2026-02-10,2026-02-11,2026-02-12,160
BKK94RZ,"Toyota Lift of South Texas (Doggett Machinery) - Austin TX","Custom/Other",2026-02-10,2026-02-10,2026-02-17,775
DL28JXK,"Western States Cat - Hayden ID","Towable Boom Lift, 50 ft",2026-02-10,2026-02-10,2026-02-11,300
2TWB2UF,"Warren Cat - Abilene TX","Telehandler Reach Forklift, 5000 lbs, 15 - 19 ft",2026-02-10,2026-02-10,2026-02-11,550
CC46D63,"South Florida Equipment Rentals - West Palm Beach FL","Articulating Boom Lift, 60 ft, Dual Fuel/Diesel",2026-02-10,2026-02-10,2026-02-17,1085
WX72UF2,"A Tool Shed Rentals, Inc - Santa Clara CA","Articulating Boom Lift, 60 ft, Dual Fuel/Diesel",2026-02-09,2026-02-10,2026-02-13,1339
SY5RDLQ,"Sunbelt Rentals 60 - Jacksonville, FL","Electric Scissor Lift, 40 ft (Indoor Use Only)",2026-02-09,2026-02-13,2026-02-14,322
E73XLJC,"LGP Equipment Rentals - Bell Gardens CA","Articulating Boom Lift, 80 ft, Dual Fuel/Diesel",2026-02-09,2026-02-09,2026-02-11,1900
7SCWLQK,"Sunstate Equipment - Conley GA","Electric Scissor Lift, 26 ft (Indoor Use Only)",2026-02-09,2026-02-09,2026-02-16,370
Q7RDAKE,"Aerial Plus - Burlington ON","Cushion Tire Forklift, 5000 lbs (Indoor Use Only)",2026-02-09,2026-02-10,2026-02-17,416
TBSKSC2,"Powertrip Rentals - Signal Hill CA","Electric Scissor Lift, 26 ft (Indoor Use Only)",2026-02-07,2026-02-07,2026-02-13,375
FRQZERX,"Frank's Supply Company - Albuquerque NM","Cushion Tire Forklift, 5000 lbs (Indoor Use Only)",2026-02-07,2026-02-09,2026-02-10,355.8
GUA47JA,"Lift X Rentals - Palmetto FL","Articulating Boom Lift, 45 ft, Dual Fuel/Diesel",2026-02-06,2026-02-09,2026-02-15,571
LRTJGAX,"Sunstate Equipment - Colorado Springs CO","Electric Scissor Lift, 19 ft (Indoor Use Only)",2026-02-06,2026-02-09,2026-02-11,260
RXAADGR,"Sunstate Equipment - Colorado Springs CO","Cushion Tire Forklift, 5000 lbs (Indoor Use Only)",2026-02-06,2026-02-09,2026-02-11,585
UVVXP52,"Equipment Share","Excavator, 15 ton+",2026-02-06,2026-02-10,2026-02-17,2048
QHQ39UE,"Synergy Equipment - Houston TX","Custom/Other",2026-02-06,2026-02-10,2026-02-11,195
LQAREKJ,"Sunstate Equipment - Raleigh (Garner) NC","Telehandler Reach Forklift, 8000 lbs, 41 - 43 ft",2026-02-06,2026-02-07,2026-02-08,800
UV8GD4W,"Toyota Lift of South Texas (Doggett Machinery) - San Antonio TX","Cushion Tire Forklift, 6000 lbs (Indoor Use Only)",2026-02-06,2026-02-09,2026-02-10,328
G7DQERY,"Thompson & Johnson Equipment Co., Inc - East Syracuse NY","Custom/Other",2026-02-06,2026-02-06,2026-02-07,480
LJEATGJ,"Continental Lift Truck - New York NY","Articulating Boom Lift, 34 ft, Dual Fuel/Diesel",2026-02-06,2026-02-10,2026-02-11,350
J8BT2TD,"Premier Equipment Rentals Inc - Mesa AZ","Articulating Boom Lift, 60 ft, Dual Fuel/Diesel",2026-02-06,2026-02-09,2026-02-15,1275
UBPAHZB,"Sunbelt Rentals 1018 - Manheim, PA","Articulating Boom Lift, 80 ft, Dual Fuel/Diesel",2026-02-06,2026-02-09,2026-02-16,2209
7AD2EW4,"Leppo Rents (Bobcat of Opelika) - Opelika AL","Custom/Other",2026-02-06,2026-02-10,2026-02-16,650
QXTHV3V,"Leppo Rents (Bobcat of Opelika) - Opelika AL","Telehandler Reach Forklift, 5000 lbs, 15 - 19 ft",2026-02-06,2026-02-10,2026-02-16,850
4D8TVLL,"C & B Material Handling - Hiawatha IA","Electric Scissor Lift, 19 ft (Indoor Use Only)",2026-02-06,2026-02-09,2026-02-11,325
JFUHDUV,"Sunstate Equipment - Burbank CA","Articulating Boom Lift, 45 ft, Dual Fuel/Diesel",2026-02-06,2026-02-14,2026-02-15,365
7CTDUKA,"All Pro Lift and Equipment LLC - Phoenix AZ","Electric Scissor Lift, 19 ft (Indoor Use Only)",2026-02-06,2026-02-10,2026-02-11,73.14
A9LA2LF,"Palm Beach Lift Trucks Inc (Forklift Doctor of Florida) - Delray Beach FL","Custom/Other",2026-02-05,2026-02-06,2026-02-08,400
LK6P95T,"Sunstate Equipment - Colorado Springs CO","Electric Scissor Lift, 19 ft (Indoor Use Only)",2026-02-05,2026-02-11,2026-02-13,260
P9PFX3T,"Sunstate Equipment - Colorado Springs CO","Cushion Tire Forklift, 5000 lbs (Indoor Use Only)",2026-02-05,2026-02-11,2026-02-13,585
Q4R5VBL,"Equipment Share - Indianapolis IN","Electric Scissor Lift, 26 ft (Indoor Use Only)",2026-02-05,2026-02-09,2026-02-10,253
X3VHGSC,"Herc Rentals (9316) - Myrtle Beach SC","Custom/Other",2026-02-05,2026-02-06,2026-02-13,1129
QLVEE3A,"Trinity Sales & Rental - Wichita KS","Cushion Tire Forklift, 5000 lbs (Indoor Use Only)",2026-02-05,2026-02-06,2026-02-07,145
HU3GGG6,"Tejas Equipment Rental - San Antonio TX ","Articulating Boom Lift, 60 ft, Dual Fuel/Diesel",2026-02-05,2026-02-09,2026-02-10,471
YX7F5EQ,"Aerial Plus - Burlington ON","Electric Articulating Boom Lift, 30 ft",2026-02-05,2026-02-06,2026-02-07,190.47
7CLEUP5,"Aerial Plus - Burlington ON","Electric Scissor Lift, 19 ft (Indoor Use Only)",2026-02-05,2026-02-06,2026-02-13,228.57
RR4PGVZ,"Aerial Plus - Burlington ON","Electric Scissor Lift, 19 ft (Indoor Use Only)",2026-02-05,2026-02-06,2026-02-13,228.57
YXTVCFL,"Equipment Share","Custom/Other",2026-02-04,2026-02-11,2026-02-18,3341
RLSFJJD,"Equipment Share","Telehandler Reach Forklift, 12000 lbs, 55 - 56 ft",2026-02-04,2026-02-12,2026-02-19,2846
ZV3GZL3,"LAX Equipment Inc - Inglewood CA","Cushion Tire Forklift, 15,000 lbs (Indoor Use Only)",2026-02-04,2026-02-04,2026-02-05,425
8DJCQ8D,"Sunstate Equipment - Charleston SC","Electric Scissor Lift, 26 ft (Indoor Use Only)",2026-02-04,2026-02-05,2026-02-12,370
AE9UXSB,"Equipment Share - North Palm Springs CA","Electric Scissor Lift, 26 ft (Indoor Use Only)",2026-02-04,2026-02-04,2026-02-10,507
3R74UTK,"Western Rentals - Fontana CA","Excavator, 25 ton+",2026-02-04,2026-02-05,2026-02-12,2185.89
XVGDE6L,"Sunstate Equipment - Orlando FL","Excavator, 15 ton+",2026-02-04,2026-02-05,2026-02-09,2300
C4Z9CA9,"Tejas Equipment Rental - Alvarado TX","Telehandler Reach Forklift, 8000 lbs, 41 - 43 ft",2026-02-04,2026-02-05,2026-02-06,475
23Q28Q4,"Herc Rentals (9307) - Knoxville TN","Articulating Boom Lift, 45 ft, Dual Fuel/Diesel",2026-02-04,2026-02-04,2026-02-05,515
USXDK79,"Sunstate Equipment - Orlando FL","Pneumatic Tire Forklift, 5000 lbs",2026-02-03,2026-02-04,2026-02-11,500
XJK45EW,"Sunstate Equipment - Southlake TX","Custom/Other",2026-02-03,2026-02-04,2026-02-11,640
FKHG9Z9,"Sunstate Equipment - Mckinney TX","Custom/Other",2026-02-03,2026-02-04,2026-02-11,710
5LKVQ84,"Tejas Equipment Rental - Alvarado TX","Electric Scissor Lift, 32 ft (Indoor Use Only)",2026-02-03,2026-02-04,2026-02-05,228
GC3WVBE,"Equipment Share - Texarkana AR","Electric Scissor Lift, 26 ft (Indoor Use Only)",2026-02-03,2026-02-03,2026-02-10,375
HRS7ADP,"Equipment Share - Texarkana AR","Cushion Tire Forklift, 5000 lbs (Indoor Use Only)",2026-02-03,2026-02-03,2026-02-10,1134
VR29DUU,"Synergy Equipment - Houston TX","Tracked Skid Steer, 2000 lbs",2026-02-03,2026-02-06,2026-02-08,650
CWQ3ZCB,"Synergy Equipment - Houston TX","Custom/Other",2026-02-03,2026-02-05,2026-02-12,680
86SRFY9,"Yancey Cat - Augusta GA","Telehandler Reach Forklift, 8000 lbs, 41 - 43 ft",2026-02-03,2026-02-04,2026-02-05,700
VXBEBCG,"Sunstate Equipment - Seattle (Kent) WA","Electric Scissor Lift, 26 ft (Indoor Use Only)",2026-02-03,2026-02-03,2026-02-10,370
C693KJX,"Sunstate Equipment - Seattle (Kent) WA","Electric Scissor Lift, 26 ft (Indoor Use Only)",2026-02-03,2026-02-03,2026-02-10,370
KSVRYG3,"Renegade Rentals LLC - Brigham City UT","Electric Scissor Lift, 26 ft (Indoor Use Only)",2026-02-03,2026-02-16,2026-02-22,440
HLSCR9H,"Equipment Share","Telehandler Reach Forklift, 10000 lbs, 50 - 56 ft",2026-02-02,2026-02-02,2026-02-08,2435
3KYQU7Q,"All American Rentals - Apache Junction AZ","Electric Scissor Lift, 26 ft (Indoor Use Only)",2026-02-02,2026-02-02,2026-02-03,140
PA4E3G4,"Iron Mountain Equipment Rentals LTD. - Port Coquitlam, BC","Articulating Boom Lift, 45 ft, Dual Fuel/Diesel",2026-02-02,2026-02-10,2026-02-12,590
3F89ESX,"Sunstate Equipment - Dallas TX (Duncanville)","Telehandler Reach Forklift 6000 lbs, 40 - 42 ft",2026-02-02,2026-02-04,2026-02-05,600
VPSR462,"Bobcat of York (Crownstone Equipment) - Frederick MD","Tracked Skid Steer, 1700 lbs",2026-02-02,2026-02-03,2026-03-31,4598
9ETRL4P,"Lift X Rentals - Palmetto FL","Articulating Boom Lift, 60 ft, Dual Fuel/Diesel",2026-02-02,2026-02-09,2026-02-15,785.73
A9A2WBJ,"Total Rental - Phoenixville PA","Telehandler Reach Forklift, 8000 lbs, 41 - 43 ft",2026-02-02,2026-02-04,2026-02-05,335
K6EA9D4,"Sunbelt Rentals 293 - Bangor, ME","Custom/Other",2026-02-02,2026-02-06,2026-02-07,575
DA8QVB9,"Sunbelt Rentals 293 - Bangor, ME","Custom/Other",2026-02-02,2026-02-06,2026-02-07,47
9B83FWE,"CONEQ Rentals - Woodbridge ON","Articulating Boom Lift, 45 ft, Dual Fuel/Diesel",2026-02-02,2026-02-05,2026-02-06,361.9
XQD77ZR,"CONEQ Rentals - Woodbridge ON","Articulating Boom Lift, 45 ft, Dual Fuel/Diesel",2026-02-02,2026-02-06,2026-02-07,361.9
X5FFTTX,"Bobcat of York (Crownstone Equipment) - Hagarstown MD","Walk Behind Skid Steer",2026-02-02,2026-02-02,2026-02-04,558
7LBXBYH,"Total Tool Rental - Brooklyn NY","Wheeled Skid Steer, 1300 lbs",2026-02-02,2026-02-02,2026-02-09,1050
GHCQRLA,"Continental Lift Truck - New York NY","Rough Terrain Scissor Lift, 32 ft",2026-02-02,2026-02-08,2026-02-14,569.1
UJTFBC4,"Sunbelt Rentals - North Haven, CT","Excavator, 13 ton+",2026-02-02,2026-02-03,2026-02-10,2060
RL53XVY,"Dan's Forklifts","Custom/Other",2026-01-30,2026-02-02,2026-02-04,1260
5WHTFHF,"Northside Tool Rental - Doraville GA","Electric Scissor Lift, 26 ft (Indoor Use Only)",2026-01-30,2026-02-02,2026-02-09,378
DBC66EZ,"Ewald Kubota - Corpus Christi TX","Tracked Skid Steer, 1700 lbs",2026-01-30,2026-02-02,2026-02-09,1275
34XVRD8,"Equipment Share","Telehandler Reach Forklift, 12000 lbs, 55 - 56 ft",2026-01-30,2026-01-30,2026-02-06,2815
637X675,"Powertrip Rentals - Signal Hill CA","Custom/Other",2026-01-30,2026-02-04,2026-02-05,223.57
EVTFSQA,"3J Rentals Inc - Santa Clara CA","Articulating Boom Lift, 34 ft, Dual Fuel/Diesel",2026-01-30,2026-01-30,2026-01-30,0
ARS5S3B,"Northside Tool Rental - Buckhead (Atlanta) GA","Cushion Tire Forklift, 5000 lbs (Indoor Use Only)",2026-01-30,2026-02-02,2026-02-09,705.51
L6CDHF2,"Northside Tool Rental - Buckhead (Atlanta) GA","Electric Scissor Lift, 26 ft (Indoor Use Only)",2026-01-30,2026-02-02,2026-02-09,378
YPGWJ3T,"Sunstate Equipment - Denver CO","Electric Scissor Lift, 19 ft (Indoor Use Only)",2026-01-30,2026-02-04,2026-02-06,260
3LB8GTD,"Sunstate Equipment - Denver CO","Cushion Tire Forklift, 5000 lbs (Indoor Use Only)",2026-01-30,2026-02-04,2026-02-06,585
W5TEKJ2,"Herc Rentals (9604) - Albuquerque NM","Pneumatic Tire Forklift, 8000 lbs",2026-01-30,2026-01-30,2026-02-06,1150
KW7AKQ4,"Beck Equipment Inc - Preble NY","Custom/Other",2026-01-30,2026-02-02,2026-02-09,3720
DSRSBXS,"Sunstate Equipment - Southlake TX","Mini Excavator, 5 ton",2026-01-30,2026-02-01,2026-02-02,450
DVL7YV8,"Aerial Plus - Burlington ON","Telehandler Reach Forklift, 8000 lbs, 41 - 43 ft",2026-01-30,2026-02-02,2026-03-30,4988.2
5CRHD8D,"Sunstate Equipment - Denver CO","Electric Scissor Lift, 19 ft (Indoor Use Only)",2026-01-29,2026-02-02,2026-02-04,260
XDGC473,"Sunstate Equipment - Denver CO","Cushion Tire Forklift, 5000 lbs (Indoor Use Only)",2026-01-29,2026-02-02,2026-02-04,585
F3WQBZP,"Powertrip Rentals - Signal Hill CA","Electric Articulating Boom Lift, 45 ft",2026-01-29,2026-01-30,2026-02-06,670.01
CCVXFZJ,"Global Lions Rental Inc - Vancouver BC","Cushion Tire Forklift, 25,000 lbs (Indoor Use Only)",2026-01-29,2026-02-03,2026-02-05,1866.65
CGQSLXR,"Aerial Plus - Burlington ON","Cushion Tire Forklift, 5000 lbs (Indoor Use Only)",2026-01-29,2026-01-30,2026-02-06,396
XZV6U7A,"Herc Rentals (9316) - Myrtle Beach SC","Custom/Other",2026-01-29,2026-01-30,2026-02-10,1498
V74WKLD,"Herc Rentals (9316) - Myrtle Beach SC","Telehandler Reach Forklift, 5000 lbs, 15 - 19 ft",2026-01-29,2026-01-30,2026-02-10,1940
4G8FPUH,"Dashino Excavating - Brampton ON","Excavator, 35 ton+",2026-01-29,2026-02-02,2026-02-08,3354.4
Z6V5J7T,"Lift X Rentals - Palmetto FL","Electric Articulating Boom Lift, 45 ft",2026-01-29,2026-02-03,2026-02-09,446.43
ETW8AS5,"Aerial Plus - Burlington ON","Custom/Other",2026-01-29,2026-01-29,2026-02-05,350
8U42C3H,"Sunstate Equipment - Corpus Christi TX","Custom/Other",2026-01-29,2026-01-29,2026-01-30,120
CPJ4E79,"Sunstate Equipment - Corpus Christi TX","Electric Scissor Lift, 40 ft (Indoor Use Only)",2026-01-29,2026-01-29,2026-01-30,276
UW9W9R7,"Sunstate Equipment - Marietta GA","Electric Scissor Lift, 19 ft (Indoor Use Only)",2026-01-29,2026-01-30,2026-02-06,260
5CATWVH,"Sunbelt Rentals 21 - Fayetteville, NC","Excavator, 13 ton+",2026-01-28,2026-02-09,2026-02-15,2433
W8ZH76B,"Herc Rentals","Electric Scissor Lift, 32 ft (Indoor Use Only)",2026-01-28,2026-01-30,2026-02-27,1295
SJ4L4Z5,"Herc Rentals","Electric Scissor Lift, 32 ft (Indoor Use Only)",2026-01-28,2026-01-30,2026-02-27,1295
TBH3H7B,"Powertrip Rentals - Signal Hill CA","Articulating Boom Lift, 45 ft, Dual Fuel/Diesel",2026-01-28,2026-02-02,2026-02-02,0
B5QQP42,"Herc Rentals (9322) - Greer SC","Electric Scissor Lift, 32 ft (Indoor Use Only)",2026-01-28,2026-01-28,2026-01-29,300
FZKC44T,"NAM Rentals - Toronto ON","Electric Scissor Lift, 19 ft (Indoor Use Only)",2026-01-28,2026-01-30,2026-02-26,352.86
G8S87P7,"Ready Equipment Rental - San Bernardino CA","Electric Scissor Lift, 32 ft (Indoor Use Only)",2026-01-28,2026-01-28,2026-01-29,149.1
H4GPY7X,"Herc Rentals (9213) - Tupelo MS","Telehandler Reach Forklift, 5000 lbs, 15 - 19 ft",2026-01-28,2026-01-28,2026-01-29,475
BSBUW2Z,"Aerial Plus - Burlington ON","Scissor Lift, Vertical Man Lift",2026-01-27,2026-01-29,2026-02-05,350
6RKP8W9,"Sunstate Equipment - Dallas TX (Duncanville)","Custom/Other",2026-01-27,2026-01-28,2026-01-29,130
DPZE9EE,"Sunstate Equipment - Oakland CA","Custom/Other",2026-01-27,2026-01-30,2026-01-30,0
KFYKXGV,"The Equipment Source - Englewood FL","Mini Excavator, 2 ton",2026-01-27,2026-02-03,2026-02-04,227.5
KJSRFFG,"V-Bar Equipment - Abilene TX","Custom/Other",2026-01-27,2026-01-29,2026-09-10,48000
4HD9PLE,"Illinois Lift Equipment - Cary IL","Electric Scissor Lift, 19 ft (Indoor Use Only)",2026-01-27,2026-02-02,2026-02-06,190
Q2CU5WX,"Aerial Plus - Burlington ON","Telehandler Reach Forklift, 8000 lbs, 41 - 43 ft",2026-01-27,2026-01-28,2026-01-29,304.76
UKLCABG,"Continental Lift Truck - New York NY","Scissor Lift, Vertical Man Lift",2026-01-27,2026-01-30,2026-02-27,450
ZB6FG6V,"Kat's Heavy Equipment Rental - Staten Island NY","Wheeled Skid Steer, 2700 lbs",2026-01-27,2026-01-28,2026-01-29,500
YQDXHYC,"Tejas Equipment Rental - San Marcos TX","Telehandler Reach Forklift, 5000 lbs, 15 - 19 ft",2026-01-27,2026-01-28,2026-02-04,1050
6SXHKUG,"Jamco - Plant City FL","Pneumatic Tire Forklift, 15,000 lbs",2026-01-27,2026-01-28,2026-01-29,646
3C8JZ2C,"Lift X Rentals - Palmetto FL","Custom/Other",2026-01-27,2026-02-09,2026-02-25,1027.16
U3E3U3T,"UpLift Equipment Rentals - Medley Fl","Telehandler Reach Forklift, 6000 lbs, 32 - 39 ft",2026-01-27,2026-01-28,2026-01-29,550
WVWVPB4,"Sunstate Equipment - Colorado Springs CO","Electric Scissor Lift, 19 ft (Indoor Use Only)",2026-01-27,2026-01-28,2026-01-30,260
2BHB8H5,"Sunstate Equipment - Colorado Springs CO","Cushion Tire Forklift, 5000 lbs (Indoor Use Only)",2026-01-27,2026-01-28,2026-01-30,585
GPSD3HL,"Carolina Industrial Trucks - Charlotte NC","Cushion Tire Forklift, 5000 lbs (Indoor Use Only)",2026-01-27,2026-01-28,2026-02-04,560
QUWSJUW,"Lyle Machinery - Saucier MS","Articulating Boom Lift, 45 ft, Dual Fuel/Diesel",2026-01-27,2026-01-28,2026-01-29,500
P5XP28P,"MG Machinery - Buda TX","Dozer, 80,000 lbs+",2026-01-27,2026-01-29,2026-09-10,148000
3FVPZPF,"Sunstate Equipment - Orlando FL","Articulating Boom Lift, 60 ft, Dual Fuel/Diesel",2026-01-27,2026-01-28,2026-01-29,500
HWH94HG,"Equipment Share","Cushion Tire Forklift, 5000 lbs (Indoor Use Only)",2026-01-26,2026-01-26,2026-01-28,698
AAUSP6L,"Yancey Cat - Gwinnett GA","Excavator, 20 ton+",2026-01-26,2026-01-28,2026-01-30,2900
BGTUFZE,"Sunstate Equipment - Conley GA","Custom/Other",2026-01-26,2026-01-27,2026-01-28,300
RKDT4X3,"Sunstate Equipment - Colorado Springs CO","Electric Scissor Lift, 19 ft (Indoor Use Only)",2026-01-26,2026-01-27,2026-01-28,130
26PD8LX,"Skyblack Rentals - Houston TX","Telehandler Reach Forklift, 10000 lbs, 50 - 56 ft",2026-01-26,2026-01-30,2026-01-31,630
PF4XTJ9,"Sunstate Equipment - Benicia CA","Pneumatic Tire Forklift, 5000 lbs",2026-01-26,2026-01-26,2026-01-27,200
CQGLLBT,"Lift X Rentals - Palmetto FL","Pneumatic Tire Forklift, 5000 lbs",2026-01-26,2026-01-26,2026-01-27,167.86
JP8EQJF,"Sunstate Equipment - North Houston TX","Custom/Other",2026-01-23,2026-01-27,2026-03-23,1800
9RXACUF,"Sunstate Equipment - Tulsa OK","Electric Articulating Boom Lift, 30 ft",2026-01-23,2026-01-27,2026-01-29,600
C9JSCHK,"U-Rent It Sales & Service - Rockwall TX","Custom/Other",2026-01-23,2026-01-24,2026-01-25,350
J7ZPWG7,"MOMS Rentals - Missoula MT","Electric Scissor Lift, 26 ft (Indoor Use Only)",2026-01-23,2026-02-02,2026-02-06,460
BDLD5ZB,"Aerial Plus - Burlington ON","Cushion Tire Forklift, 5000 lbs (Indoor Use Only)",2026-01-23,2026-01-26,2026-02-23,1116
8Q4ZKTD,"Torgerson's LLC - Great Falls MT","Electric Scissor Lift, 26 ft (Indoor Use Only)",2026-01-23,2026-01-29,2026-02-06,450.1
2P6EPBQ,"Powertrip Rentals - Signal Hill CA","Telehandler Reach Forklift, 5000 lbs, 15 - 19 ft",2026-01-23,2026-01-24,2026-01-25,315
2HSVEUY,"Powertrip Rentals - Signal Hill CA","Cushion Tire Forklift, 5000 lbs (Indoor Use Only)",2026-01-23,2026-01-23,2026-01-30,450
KBEDTEZ,"Pat Kelly Equipment Company - Hazelwood MO","Backhoe, 90 hp+",2026-01-23,2026-01-23,2026-01-29,975
BRXZ4QV,"Powertrip Rentals - Signal Hill CA","Articulating Boom Lift, 80 ft, Dual Fuel/Diesel",2026-01-22,2026-01-27,2026-02-03,1473.6
J8V3LGC,"RentEquip - Elkton VA","Tracked Skid Steer, 2200 lbs",2026-01-22,2026-01-23,2026-01-30,934.8
VTWXV3U,"Equipment Share","Telehandler Reach Forklift, 12000 lbs, 55 - 56 ft",2026-01-22,2026-01-22,2026-01-29,2815
3XYGKDE,"Sun Rental Center - Mentor OH","Electric Scissor Lift, 19 ft (Indoor Use Only)",2026-01-22,2026-01-22,2026-01-23,94
74B2BQS,"Lift X Rentals - Palmetto FL","Cushion Tire Forklift, 5000 lbs (Indoor Use Only)",2026-01-22,2026-01-22,2026-01-23,192.5
589LTEY,"Equipment Share","Telehandler Reach Forklift 6000 lbs, 40 - 42 ft",2026-01-22,2026-01-22,2026-01-24,1052
BUSEQJD,"Big Lift Material Handling - Phoenix AZ","Cushion Tire Forklift, 5000 lbs (Indoor Use Only)",2026-01-21,2026-01-23,2026-01-24,118
XUHLT4T,"Hilltown Rentals - Huntington MA","Custom/Other",2026-01-21,2026-01-23,2026-01-30,1750
354CQET,"Hilltown Rentals - Huntington MA","Custom/Other",2026-01-21,2026-01-23,2026-01-30,1750
B8P3PGD,"All Pro Lift and Equipment LLC - Phoenix AZ","Cushion Tire Forklift, 5000 lbs (Indoor Use Only)",2026-01-21,2026-01-27,2026-02-02,475
8CSGCHS,"Everjoy Rent All Co - Detroit MI","Pneumatic Tire Forklift, 5000 lbs",2026-01-21,2026-01-23,2026-01-30,461
TE8J97B,"Jersey Rents & Equipment Sales - Old Bridge, NJ","Custom/Other",2026-01-21,2026-01-23,2026-01-30,2800
34BRBAF,"R&M Equipment Rentals - Birmingham AL","Electric Articulating Boom Lift, 30 ft",2026-01-21,2026-01-22,2026-02-18,1700
P67Z5YW,"Stoney Creek Equipment Rentals - Hamilton ON","Pneumatic Tire Forklift, 8000 lbs",2026-01-21,2026-01-26,2026-02-09,1606.5
8V6TRR3,"Equipment Share","Backhoe, 90 hp+",2026-01-21,2026-01-23,2026-01-29,1114
L6CDVUH,"Continental Lift Truck - New York NY","Electric Articulating Boom Lift, 30 ft",2026-01-21,2026-01-30,2026-01-31,245
QBRFET4,"Sunstate Equipment - Roseville CA","Electric Scissor Lift, 40 ft (Indoor Use Only)",2026-01-21,2026-01-26,2026-02-02,640
KPETV7R,"Continental Lift Truck - New York NY","Pneumatic Tire Forklift, 8000 lbs",2026-01-21,2026-01-21,2026-01-22,250
QSA9E79,"Sunstate Equipment - Oklahoma City OK","Electric Scissor Lift, 19 ft (Indoor Use Only)",2026-01-21,2026-01-21,2026-01-28,260
DB45P82,"Illinois Lift Equipment - Cary IL","Electric Scissor Lift, 19 ft (Indoor Use Only)",2026-01-21,2026-01-21,2026-01-22,120.71
UTCG5C2,"Sunstate Equipment - Anaheim CA","Custom/Other",2026-01-21,2026-01-25,2026-01-26,130
WE9YV92,"All Pro Lift and Equipment LLC - Phoenix AZ","Electric Scissor Lift, 26 ft (Indoor Use Only)",2026-01-20,2026-01-21,2026-01-22,131.6
L7VGB4Z,"Dobbs Equipment (John Deere) - Fort Myers FL","Excavator, 50 ton+",2026-01-20,2026-01-21,2026-01-28,4330
Y2SCSSU,"Continental Lift Truck - New York NY","Cushion Tire Forklift, 5000 lbs (Indoor Use Only)",2026-01-20,2026-01-21,2026-01-22,175
DQU373R,"Ward's Equipment Rental - Hamburg MI","Electric Scissor Lift, 19 ft (Indoor Use Only)",2026-01-20,2026-01-19,2026-01-26,300
4LZCFJC,"Ward's Equipment Rental - Hamburg MI","Electric Scissor Lift, 19 ft (Indoor Use Only)",2026-01-20,2026-01-19,2026-01-26,300
E6JPXH4,"Mcleary Lift Equipment - Brampton ON","Cushion Tire Forklift, 15,000 lbs (Indoor Use Only)",2026-01-20,2026-01-21,2026-03-18,5850
QLZYEK3,"Herc Rentals (9270) - Maple Grove MN","Electric Scissor Lift, 19 ft (Indoor Use Only)",2026-01-20,2026-01-20,2026-01-27,323
CYX9CX5,"Sunstate Equipment - Balch Springs TX","Telehandler Reach Forklift, 5000 lbs, 15 - 19 ft",2026-01-20,2026-01-20,2026-01-21,550
TQFDCC2,"Sunstate Equipment - Oakland CA","Electric Scissor Lift, 19 ft (Indoor Use Only)",2026-01-20,2026-01-20,2026-01-21,130
FKXS2LJ,"Stoney Creek Equipment Rentals - Hamilton ON","Electric Scissor Lift, 19 ft (Indoor Use Only)",2026-01-20,2026-01-22,2026-01-23,120.71
XYUXYSW,"Continental Lift Truck - New York NY","Custom/Other",2026-01-20,2026-01-21,2026-01-22,300
E5ECTQP,"Synergy Equipment - Hutchins TX","Electric Scissor Lift, 19 ft (Indoor Use Only)",2026-01-19,2026-01-20,2026-02-17,425
55ZGWDE,"Smedley Aerial Lifts - Branford CT","Telehandler Reach Forklift, 6000 lbs, 32 - 39 ft",2026-01-19,2026-01-23,2026-01-25,841
BX6HH7Q,"Tejas Equipment Rental - Houston TX ","Articulating Boom Lift, 45 ft, Dual Fuel/Diesel",2026-01-19,2026-01-19,2026-01-26,1080
TVGJYPK,"Aerial Plus - Burlington ON","Electric Scissor Lift, 40 ft (Indoor Use Only)",2026-01-19,2026-01-20,2026-01-21,168
PHJEZHQ,"Sunstate Equipment - San Jose CA","Custom/Other",2026-01-19,2026-01-19,2026-01-26,640
25BLDPQ,"Sunstate Equipment - Phoenix AZ","Backhoe, 70 hp+",2026-01-19,2026-01-20,2026-02-16,2200
QWAX3R8,"Equipment Share","Custom/Other",2026-01-16,2026-01-19,2026-02-16,1412
K9Q566G,"CONEQ Rentals - Woodbridge ON","Telehandler Reach Forklift, 6000 lbs, 32 - 39 ft",2026-01-16,2026-01-20,2026-01-23,1540
H7DA6Q4,"Aerial Plus - Burlington ON","Custom/Other",2026-01-16,2026-01-19,2026-01-26,720
PJRZE8B,"Peterson Machinery Company - Salem, OR","Electric Scissor Lift, 32 ft (Indoor Use Only)",2026-01-16,2026-01-19,2026-02-06,952
Y87UXQP,"Sunstate Equipment - Rio Rancho NM","Custom/Other",2026-01-16,2026-01-17,2026-01-18,328
XY429V9,"Equipment Share","Custom/Other",2026-01-15,2026-01-16,2026-01-23,803
AF24PXA,"Continental Lift Truck - New York NY","Electric Scissor Lift, 19 ft (Indoor Use Only)",2026-01-15,2026-01-19,2026-01-26,278.59
LVGJAT5,"All Pro Lift and Equipment LLC - Phoenix AZ","Telehandler Reach Forklift, 10000 lbs, 50 - 56 ft",2026-01-15,2026-01-28,2026-02-25,3356
QF2E7K2,"Cooke Rentals - Denver NC","Articulating Boom Lift, 45 ft, Dual Fuel/Diesel",2026-01-15,2026-01-16,2026-01-17,410
6F35TEF,"Synergy Equipment - Houston TX","Straight Boom Lift, 60 ft, Dual Fuel/Diesel",2026-01-15,2026-01-19,2026-01-20,455
BUFEP4G,"Powertrip Rentals - Signal Hill CA","Custom/Other",2026-01-15,2026-01-15,2026-01-22,250
4JQS7EV,"Powertrip Rentals - Signal Hill CA","Custom/Other",2026-01-15,2026-01-15,2026-01-22,250
Z7JCAE4,"Best Rental Services Inc - Vaughan ON","Electric Scissor Lift, 19 ft (Indoor Use Only)",2026-01-15,2026-01-16,2026-01-30,600
3QYCR7Y,"Aerial Plus - Burlington ON","Articulating Boom Lift, 60 ft, Dual Fuel/Diesel",2026-01-15,2026-01-15,2026-01-22,876
SXXUSTD,"Riggs Cat - Benton AR","Electric Scissor Lift, 26 ft (Indoor Use Only)",2026-01-15,2026-01-15,2026-01-16,170
DQL8A6K,"Equipment Share","Telehandler Reach Forklift, 12000 lbs, 55 - 56 ft",2026-01-14,2026-01-15,2026-01-22,2815
BVLUGP6,"Con-Verge Sales & Rentals LLC - Hershey PA","Custom/Other",2026-01-14,2026-01-17,2026-01-18,280
3SA2C7G,"Equipment Share","Telehandler Reach Forklift, 5000 lbs, 15 - 19 ft",2026-01-14,2026-01-16,2026-01-23,1188
PFKXVJ2,"Equipment Share - Memphis TN","Excavator, 15 ton+",2026-01-14,2026-01-16,2026-01-17,728
2YL4GW5,"Aerial Plus - Burlington ON","Cushion Tire Forklift, 5000 lbs (Indoor Use Only)",2026-01-14,2026-01-16,2026-01-17,156
P45PWGK,"CONEQ Rentals - Woodbridge ON","Articulating Boom Lift, 80 ft, Dual Fuel/Diesel",2026-01-14,2026-01-16,2026-01-17,455
YXC4PA8,"Illinois Lift Equipment - Cary IL","Custom/Other",2026-01-14,2026-01-16,2026-01-17,800
77QXQ5E,"Sunstate Equipment - Saint Gabriel LA","Telehandler Reach Forklift 6000 lbs, 40 - 42 ft",2026-01-14,2026-01-15,2026-01-16,600
RTLPQ8A,"Cropac Equipment Inc","Custom/Other",2026-01-14,2026-01-14,2026-01-16,2800
6XLBGYF,"Herc Rentals (9371) Sarasota, FL","Backhoe, 70 hp+",2026-01-14,2026-01-15,2026-01-16,490
DLWZZ95,"Chet's Rent-All - Oak Park MI","Electric Scissor Lift, 19 ft (Indoor Use Only)",2026-01-13,2026-01-19,2026-01-26,305
GVTE9D2,"Chet's Rent-All - Oak Park MI","Electric Scissor Lift, 19 ft (Indoor Use Only)",2026-01-13,2026-01-19,2026-01-26,305
DSCCCRF,"Action Lift, Inc - Leander TX","Pneumatic Tire Forklift, 8000 lbs",2026-01-13,2026-01-14,2026-02-11,2297
7BD6L6P,"Dickie Moore Rentals - Ottawa ON","Articulating Boom Lift, 45 ft, Dual Fuel/Diesel",2026-01-13,2026-01-16,2026-01-17,625
WFKPHX5,"Need a Lift Rentals - Fort Lauderdale FL","Electric Scissor Lift, 32 ft (Indoor Use Only)",2026-01-13,2026-01-15,2026-01-16,300
C5F2QV7,"Yancey Cat - Kennesaw GA","Telehandler Reach Forklift, 10000 lbs, 50 - 56 ft",2026-01-13,2026-01-16,2026-01-23,1700
K3KKZDR,"Synergy Equipment - Hutchins TX","Custom/Other",2026-01-13,2026-01-19,2026-02-16,695
LQX72LJ,"Beach City Lift - Phoenix AZ","Cushion Tire Forklift, 6000 lbs (Indoor Use Only)",2026-01-13,2026-01-15,2026-01-16,117.6
DJJ89KC,"Sunstate Equipment - Balch Springs TX","Backhoe, 70 hp+",2026-01-13,2026-01-13,2026-01-19,895
K4SW69D,"Sunstate Equipment - Tucson AZ","Electric Scissor Lift, 19 ft (Indoor Use Only)",2026-01-13,2026-01-13,2026-01-15,260
35FFB7Z,"Sunstate Equipment - Tucson AZ","Cushion Tire Forklift, 5000 lbs (Indoor Use Only)",2026-01-13,2026-01-13,2026-01-15,400
LT2U7QJ,"Eastern Highreach Company Inc. - Horsham PA","Rough Terrain Scissor Lift, 26 ft",2026-01-13,2026-01-15,2026-01-22,525
XLZVABL,"Sunstate Equipment - Balch Springs TX","Electric Scissor Lift, 19 ft (Indoor Use Only)",2026-01-13,2026-01-19,2026-02-15,366
EG7JGPD,"Sunstate Equipment - Balch Springs TX","Electric Scissor Lift, 19 ft (Indoor Use Only)",2026-01-13,2026-01-19,2026-02-15,366
Z6B8UJR,"Arapahoe Rental - Westminster CO","Telehandler Reach Forklift, 5000 lbs, 15 - 19 ft",2026-01-12,2026-01-21,2026-01-22,560
8JY9CRB,"Total Rental - Phoenixville PA","Telehandler Reach Forklift, 8000 lbs, 41 - 43 ft",2026-01-12,2026-01-13,2026-01-20,875
DUW5JED,"Herc Rentals (9423) - Springfield MO","Electric Scissor Lift, 19 ft (Indoor Use Only)",2026-01-12,2026-01-12,2026-01-19,200
Q8TD6JW,"Sunstate Equipment - Conroe TX","Telehandler Reach Forklift 6000 lbs, 40 - 42 ft",2026-01-12,2026-01-13,2026-01-19,1000
RUQWY9Q,"Miami Dade Equipments - Hialeah FL","Electric Scissor Lift, 26 ft (Indoor Use Only)",2026-01-12,2026-01-12,2026-01-18,400
JBVDDVD,"Wilson Equipment - Central Point, OR","Custom/Other",2026-01-09,2026-01-12,2026-01-19,1050
DP7UFJJ,"Wilson Equipment - Central Point, OR","Custom/Other",2026-01-09,2026-01-12,2026-01-19,1150
W3PGX84,"Porter Rents - Lakeside CA","Backhoe, 70 hp+",2026-01-09,2026-01-14,2026-01-15,294.7
XFZE9EZ,"Worldwide Forklifts - Fort Lauderdale FL","Cushion Tire Forklift, 15,000 lbs (Indoor Use Only)",2026-01-09,2026-01-12,2026-01-13,350
Q9Q7YU3,"Equipment Share","Electric Scissor Lift, 26 ft (Indoor Use Only)",2026-01-09,2026-01-12,2026-01-19,516
QSJ7BSH,"Equipment Share","Electric Scissor Lift, 26 ft (Indoor Use Only)",2026-01-09,2026-01-12,2026-01-19,516
ECU7UX8,"Equipment Share","Telehandler Reach Forklift, 8000 lbs, 41 - 43 ft",2026-01-09,2026-01-12,2026-01-19,1777.5
YRH3AJT,"Sunstate Equipment - Dallas TX (Duncanville)","Soil Compaction Pad Foot, 84 inches+",2026-01-09,2026-01-13,2026-01-20,1890
9Q2WSKR,"Illinois Lift Equipment - Cary IL","Electric Scissor Lift, 19 ft (Indoor Use Only)",2026-01-09,2026-01-13,2026-01-16,190
V39TQU5,"Illinois Lift Equipment - Cary IL","Cushion Tire Forklift, 15,000 lbs (Indoor Use Only)",2026-01-09,2026-01-13,2026-01-16,850
JVTH78R,"Illinois Lift Equipment - Cary IL","Cushion Tire Forklift, 15,000 lbs (Indoor Use Only)",2026-01-09,2026-01-13,2026-01-16,300
F7E79H4,"Sunstate Equipment - Charlotte NC","Electric Scissor Lift, 19 ft (Indoor Use Only)",2026-01-09,2026-01-12,2026-02-09,429
8U88R4H,"Sunstate Equipment - Charlotte NC","Electric Scissor Lift, 19 ft (Indoor Use Only)",2026-01-09,2026-01-12,2026-02-09,429
HAH3C4Y,"Lou-Tec - Joliette QC","Electric Scissor Lift, 19 ft (Indoor Use Only)",2026-01-09,2026-01-13,2026-01-14,200
9GD3FV6,"Illinois Lift Equipment - Cary IL","Electric Articulating Boom Lift, 30 ft",2026-01-09,2026-01-12,2026-01-13,210.75
B67FW44,"GMW Equipment - San Juan TX","Dozer, 20,000 lbs+",2026-01-09,2026-01-10,2026-01-16,0
LKUKU6F,"Palm Beach Equipment Rentals - Delray Beach FL","Electric Scissor Lift, 26 ft (Indoor Use Only)",2026-01-09,2026-01-09,2026-01-11,500
PJL3FCY,"Equipment Share","Custom/Other",2026-01-08,2026-01-09,2026-01-16,149.76
73V7PWC,"Equipment Share","Custom/Other",2026-01-08,2026-01-09,2026-01-16,1473
DFVKQ5K,"U-Rent It Sales & Service - Rockwall TX","Custom/Other",2026-01-08,2026-01-09,2026-01-16,30
HVAUD73,"U-Rent It Sales & Service - Rockwall TX","Cushion Tire Forklift, 5000 lbs (Indoor Use Only)",2026-01-08,2026-01-09,2026-01-16,750
8DZA9QZ,"Continental Lift Truck - New York NY","Rough Terrain Scissor Lift, 32 ft",2026-01-08,2026-01-18,2026-01-20,469
R39JXGS,"MacAllister Rentals - Fort Wayne IN","Pneumatic Tire Forklift, 5000 lbs",2026-01-08,2026-01-16,2026-01-23,696
4F2X6XQ,"Sunstate Equipment - Raleigh (Garner) NC","Custom/Other",2026-01-08,2026-01-09,2026-01-10,200
4D3XQDG,"Skyblack Rentals - Houston TX","Custom/Other",2026-01-08,2026-01-08,2026-01-09,790
LDCP746,"Skye Heavy Equipment Rentals - Asheboro NC","Articulated Dump Truck, 30 ton+",2026-01-08,2026-01-12,2026-02-09,8500
LQ6WULF,"GMW Equipment - San Juan TX","Dozer, 15,000 lbs+",2026-01-07,2026-01-08,2026-01-14,0
4JSFGT6,"Lift X Rentals - Palmetto FL","Electric Scissor Lift, 19 ft (Indoor Use Only)",2026-01-07,2026-01-12,2026-01-18,168.7
W67GFYA,"Aerial Plus - Burlington ON","Electric Scissor Lift, 19 ft (Indoor Use Only)",2026-01-07,2026-01-08,2026-02-04,460
FZD72X7,"Sunstate Equipment - Portland OR","Custom/Other",2026-01-07,2026-01-09,2026-01-16,640
6ZSUHJX,"Sunstate Equipment - Portland OR","Custom/Other",2026-01-07,2026-01-09,2026-01-16,640
9SQ9G7C,"Sunstate Equipment - Portland OR","Custom/Other",2026-01-07,2026-01-09,2026-01-16,640
GT3ESPD,"Sunstate Equipment - Portland OR","Custom/Other",2026-01-07,2026-01-09,2026-01-16,640
2F3KT49,"Skyblack Rentals - Houston TX","Electric Scissor Lift, 32 ft (Indoor Use Only)",2026-01-07,2026-01-08,2026-01-10,434
F8HUHFR,"Construction Equipment & Supply - Sandusky OH","Electric Scissor Lift, 19 ft (Indoor Use Only)",2026-01-07,2026-01-08,2026-01-15,300
5LX7DP8,"UpLift Equipment Rentals - Medley Fl","Electric Scissor Lift, 19 ft (Indoor Use Only)",2026-01-07,2026-01-08,2026-01-10,300
EKDTTPY,"Leppo Rents (Bobcat of Jacksonville) - Jacksonville FL","Mini Excavator, 6 ton",2026-01-07,2026-01-07,2026-01-09,720
LLZEZKT,"Need a Lift Rentals - Fort Lauderdale FL","Electric Scissor Lift, 19 ft (Indoor Use Only)",2026-01-07,2026-01-08,2026-01-10,250.4
HTZ7T3U,"Carolina Industrial Trucks - West Columbia SC","Cushion Tire Forklift, 6000 lbs (Indoor Use Only)",2026-01-07,2026-01-08,2026-01-15,650
QZ8D6RP,"Carolina Industrial Trucks - West Columbia SC","Cushion Tire Forklift, 6000 lbs (Indoor Use Only)",2026-01-07,2026-01-08,2026-01-15,650
XD3YXZA,"Equipment Share","Electric Scissor Lift, 32 ft (Indoor Use Only)",2026-01-07,2026-01-07,2026-01-08,362.48
9CG2SKJ,"Sunstate Equipment - Las Vegas (Henderson) NV","Electric Scissor Lift, 20 ft (Indoor Use Only)",2026-01-07,2026-01-07,2026-01-14,260
9AP45Y4,"Sunstate Equipment - Las Vegas (Henderson) NV","Electric Scissor Lift, 20 ft (Indoor Use Only)",2026-01-07,2026-01-07,2026-01-14,260
Z73VZKZ,"H&K EQUIPMENT INC - CORAOPOLIS, PA","Cushion Tire Forklift, 40,000 - 60,000 lbs (Indoor Use Only)",2026-01-06,2026-01-07,2026-01-09,3600
2EVFXCU,"All Pro Lift and Equipment LLC - Phoenix AZ","Cushion Tire Forklift, 5000 lbs (Indoor Use Only)",2026-01-06,2026-01-08,2026-01-09,135
K8PUY9B,"Sunstate Equipment - Mead CO","Electric Scissor Lift, 26 ft (Indoor Use Only)",2026-01-06,2026-01-08,2026-01-14,370
4VDCHK3,"Powertrip Rentals - Signal Hill CA","Custom/Other",2026-01-06,2026-01-08,2026-01-09,300
KSWH34D,"Sunstate Equipment - Reno NV","Cushion Tire Forklift, 5000 lbs (Indoor Use Only)",2026-01-06,2026-01-07,2026-02-03,1000
TGUVKVH,"Continental Lift Truck - New York NY","Scissor Lift, Vertical Man Lift",2026-01-06,2026-01-06,2026-01-07,99
UQZPCGX,"Leppo Rents (Bobcat of Jacksonville) - Jacksonville FL","Mini Excavator, 2 ton",2026-01-06,2026-01-06,2026-02-03,1400
ASHKLT8,"Equipment Share","Telehandler Reach Forklift, 6000 lbs, 32 - 39 ft",2026-01-05,2026-01-06,2026-01-07,599
V36HVDK,"Equipment Share","Custom/Other",2026-01-05,2026-01-06,2026-02-02,1142
A4C7Q4A,"Continental Lift Truck - New York NY","Custom/Other",2026-01-05,2026-01-06,2026-01-13,199
QYFVALJ,"Equipment Share - Fort Worth (South) TX","Electric Scissor Lift, 26 ft (Indoor Use Only)",2026-01-05,2026-01-19,2026-01-23,411
8JYGR4A,"Equipment Share","Telehandler Reach Forklift, 10000 lbs, 50 - 56 ft",2026-01-05,2026-01-02,2026-01-30,3952
VX7T923,"Skyblack Rentals - Houston TX","Electric Scissor Lift, 26 ft (Indoor Use Only)",2026-01-03,2026-01-07,2026-01-14,301.6
3EDYAHA,"Renegade Rentals LLC - Brigham City UT","Electric Scissor Lift, 26 ft (Indoor Use Only)",2026-01-02,2026-01-12,2026-01-13,177.8
UVA4AKE,"Sunstate Equipment - Denver CO","Custom/Other",2026-01-02,2026-01-02,2026-01-03,200
WVCP8C3,"Puckett Machinery CAT (Corp) - Richland MS","Telehandler Reach Forklift 6000 lbs, 40 - 42 ft",2026-01-02,2026-01-05,2026-01-06,393.4
C9JBKBB,"Illinois Lift Equipment - Cary IL","Pneumatic Tire Forklift, 5000 lbs",2026-01-02,2026-01-07,2026-01-08,235.2
R7ZU78G,"Stoney Creek Equipment Rentals - Hamilton ON","Custom/Other",2026-01-02,2026-01-05,2026-04-20,6400
5H9CKPA,"Area Rentals Inc - Hillside NJ","Articulating Boom Lift, 80 ft, Dual Fuel/Diesel",2026-01-02,2026-01-05,2026-01-06,890
WXG2WTT,"Sunstate Equipment - Denver CO","Electric Scissor Lift, 32 ft (Indoor Use Only)",2025-12-31,2026-01-09,2026-01-16,450
YXYC9SS,"Equipment Share","Articulating Boom Lift, 80 ft, Dual Fuel/Diesel",2025-12-31,2026-03-02,2026-03-03,866.4
J3JUS84,"Equipment Share","Electric Scissor Lift, 19 ft (Indoor Use Only)",2025-12-31,2026-01-05,2026-01-11,341.28
DDUJFSU,"JAC Rentals - Beaumont TX","Dozer, 15,000 lbs+",2025-12-31,2026-01-02,2026-01-04,1560
Q3GCAWT,"Trinity Equipment Rentals - Colton CA","Excavator, 15 ton+",2025-12-30,2026-01-05,2026-01-12,1396
D3KKTXL,"Sunstate Equipment - San Antonio TX","Electric Articulating Boom Lift, 45 ft",2025-12-30,2026-01-05,2026-01-12,950
YY9GQ6B,"Conway Rental Centre - Conway SC","Telehandler Reach Forklift, 8000 lbs, 41 - 43 ft",2025-12-30,2026-01-05,2026-01-06,446
4KGFVLB,"Sunstate Equipment - Tucson AZ","Cushion Tire Forklift, 5000 lbs (Indoor Use Only)",2025-12-30,2026-01-05,2026-01-09,500
LDXGVZ7,"Sunstate Equipment - Benicia CA","Electric Articulating Boom Lift, 45 ft",2025-12-30,2025-12-31,2026-01-01,355
X67HHX3,"Rental Pro - Richmond KY","Custom/Other",2025-12-29,2026-01-02,2026-01-16,0
WEDEDHK,"Rental Pro - Richmond KY","Cushion Tire Forklift, 5000 lbs (Indoor Use Only)",2025-12-29,2026-01-02,2026-01-16,1500
QVBCVYV,"Carter Cat - Sterling VA","Electric Scissor Lift, 32 ft (Indoor Use Only)",2025-12-29,2025-12-30,2025-12-31,193
BDA836C,"Trinity Equipment Rentals - Colton CA","Excavator, 15 ton+",2025-12-29,2025-12-30,2025-12-31,399
FLCW9SH,"Border Equipment (Bobcat of Augusta) - Augusta GA","Backhoe, 90 hp+",2025-12-29,2025-12-30,2025-12-31,575
RTLBYWA,"Sunstate Equipment - Balch Springs TX","Electric Scissor Lift, 32 ft (Indoor Use Only)",2025-12-27,2026-01-05,2026-01-09,450.4
BJQVBDT,"Area Rentals Inc - Hillside NJ","Articulating Boom Lift, 80 ft, Dual Fuel/Diesel",2025-12-26,2025-12-29,2025-12-30,890
FQT57BC,"Illinois Lift Equipment - Cary IL","Pneumatic Tire Forklift, 5000 lbs",2025-12-26,2025-12-29,2025-12-30,235.2
ESLZ6Z7,"NAM Rentals - Toronto ON","Electric Scissor Lift, 20 ft (Indoor Use Only)",2025-12-24,2026-01-05,2026-01-05,0
YKW5D2A,"Pioneer Equipment Company - Jacksonville FL","Dozer, 20,000 lbs+",2025-12-23,2025-12-29,2026-01-21,4500
YSR9DWV,"The Rental Hub - Wytheville, VA","Mini Excavator, 3 ton",2025-12-23,2026-01-02,2026-01-09,1000
Y54QGRL,"Continental Lift Truck - New York NY","Telehandler Reach Forklift, 5000 lbs, 15 - 19 ft",2025-12-22,2025-12-29,2026-01-05,799
QCCHHZF,"Rent Rite - Alma MI","Electric Scissor Lift, 19 ft (Indoor Use Only)",2025-12-22,2025-12-22,2025-12-23,105.7
CETUH7Y,"Aerial Plus - Burlington ON","Electric Scissor Lift, 32 ft (Indoor Use Only)",2025-12-22,2025-12-23,2025-12-29,340
2U27JG3,"Evcon Rentals","Tracked Skid Steer, 2200 lbs",2025-12-19,2025-12-22,2025-12-28,1275
KHR8BGD,"Parks Rental & Sales Inc","Towable Boom Lift, 36 ft",2025-12-19,2025-12-20,2025-12-21,290
HGGHFVF,"Naumann Hobbs Material Handling - Las Vegas NV","Cushion Tire Forklift, 6000 lbs (Indoor Use Only)",2025-12-19,2025-12-22,2026-01-19,653.1
Y32Q7FC,"Strobel's Rentals - East Side Great Falls MT","Custom/Other",2025-12-19,2026-01-05,2026-01-18,150
KV7DH95,"Strobel's Rentals - East Side Great Falls MT","Cushion Tire Forklift, 5000 lbs (Indoor Use Only)",2025-12-19,2026-01-05,2026-01-18,1600
P443AEB,"Sunstate Equipment - Odessa TX","Custom/Other",2025-12-19,2025-12-22,2025-12-23,1400
T773CJ5,"Bobcat of Toronto - Brampton ON","Excavator, 15 ton+",2025-12-19,2025-12-19,2025-12-26,3000
LCD78Q2,"Evcon Rentals","Telehandler Reach Forklift, 6000 lbs, 32 - 39 ft",2025-12-19,2025-12-19,2025-12-25,1350
3RKRAR7,"Evcon Rentals","Custom/Other",2025-12-19,2025-12-19,2025-12-25,1005
LZWVTK5,"Evcon Rentals","Mini Excavator, 4 ton",2025-12-19,2025-12-19,2025-12-25,1275
STKLTVH,"Carolina Containers & Transport - Raleigh NC","Tracked Skid Steer, 1700 lbs",2025-12-19,2025-12-19,2025-12-20,275
PUAE8CH,"Milam Rental LLC - Sutherlin VA","Articulated Dump Truck, 30 ton+",2025-12-19,2026-01-05,2026-02-02,11000
HJKAVW4,"LGP Equipment Rentals - Bell Gardens CA","Wheel Loader, 3 yds+",2025-12-19,2025-12-19,2025-12-20,550
64DT7HT,"Best Rental Centers Inc - Altamonte Springs FL","Walk Behind Skid Steer",2025-12-18,2025-12-20,2025-12-21,275
ZGFHGRY,"Oak Grove Rentals  - Oak Grove MO","Electric Scissor Lift, 26 ft (Indoor Use Only)",2025-12-18,2025-12-22,2025-12-24,300
3TZUDUR,"Continental Lift Truck - New York NY","Electric Scissor Lift, 19 ft (Indoor Use Only)",2025-12-18,2025-12-19,2025-12-25,278.6
99BXAHJ,"Rapid Rentals - Castaic CA","Electric Scissor Lift, 19 ft (Indoor Use Only)",2025-12-18,2025-12-21,2025-12-22,70.7
JRETZE9,"Aerial Plus - Burlington ON","Electric Scissor Lift, 19 ft (Indoor Use Only)",2025-12-18,2025-12-18,2026-01-15,460
JGDZBJB,"Synergy Equipment - Austin TX","Telehandler Reach Forklift, 12000 lbs, 55 - 56 ft",2025-12-17,2025-12-22,2025-12-23,750
SP7ADSG,"NG Equipment Sales - Phoenix AZ","Mini Excavator, 3 ton",2025-12-17,2025-12-18,2026-01-14,2600
L3BASRL,"Ready Equipment Rental - San Bernardino CA","Tracked Skid Steer, 1300 lbs",2025-12-17,2025-12-18,2025-12-20,488.6
FT9U7T8,"Sunstate Equipment - Oakland CA","Pneumatic Tire Forklift, 5000 lbs",2025-12-17,2026-01-11,2026-01-15,500
UQJHJ7A,"Sunstate Equipment - Colton CA","Custom/Other",2025-12-17,2025-12-18,2026-01-15,390
7SLES7C,"South Florida Equipment Rentals - West Palm Beach FL","Articulating Boom Lift, 45 ft, Dual Fuel/Diesel",2025-12-17,2025-12-18,2025-12-19,350
S6Y3TJZ,"Atmosphere Rental Inc - Cambridge ON","Electric Scissor Lift, 19 ft (Indoor Use Only)",2025-12-17,2025-12-19,2026-01-16,364
RLWQXD6,"Durants Tool Rentals - New Windsor NY","Electric Scissor Lift, 26 ft (Indoor Use Only)",2025-12-17,2025-12-17,2025-12-18,186
6G4GGYY,"Great Rate Rentals - South Windsor CT","Articulating Boom Lift, 45 ft, Dual Fuel/Diesel",2025-12-17,2025-12-18,2025-12-20,598
4L37VRU,"Stoney Creek Equipment Rentals - Hamilton ON","Cushion Tire Forklift, 6000 lbs (Indoor Use Only)",2025-12-17,2025-12-18,2025-12-19,283
VLT4ZUZ,"V-Bar Equipment - Abilene TX","Pneumatic Tire Forklift, 5000 lbs",2025-12-16,2025-12-17,2025-12-18,225
RELKL74,"Sunstate Equipment - Atlanta GA","Articulating Boom Lift, 60 ft, Dual Fuel/Diesel",2025-12-16,2025-12-17,2025-12-18,500
SZAF4L5,"Aerial Plus - Burlington ON","Electric Scissor Lift, 26 ft (Indoor Use Only)",2025-12-16,2025-12-17,2025-12-23,300
QLFCWR2,"Aerial Plus - Burlington ON","Electric Scissor Lift, 26 ft (Indoor Use Only)",2025-12-16,2025-12-17,2025-12-23,300
TKHWVV5,"Sunstate Equipment - Jacksonville FL","Electric Scissor Lift, 19 ft (Indoor Use Only)",2025-12-16,2025-12-17,2026-01-16,635.2
K9KSBWX,"Stoney Creek Equipment Rentals - Hamilton ON","Articulating Boom Lift, 80 ft, Dual Fuel/Diesel",2025-12-16,2025-12-17,2025-12-18,569
YSTQK54,"101 Equipment Rentals - Santa Rosa, CA","Electric Scissor Lift, 32 ft (Indoor Use Only)",2025-12-16,2025-12-16,2026-02-10,1592
B53BY2Z,"South Florida Equipment Rentals - West Palm Beach FL","Articulating Boom Lift, 45 ft, Dual Fuel/Diesel",2025-12-16,2025-12-18,2025-12-19,350
AT8JDHZ,"Continental Lift Truck - New York NY","Electric Scissor Lift, 19 ft (Indoor Use Only)",2025-12-16,2025-12-22,2025-12-23,130.2
7GGWLYZ,"Sunstate Equipment - Tucson AZ","Articulating Boom Lift, 60 ft, Dual Fuel/Diesel",2025-12-16,2025-12-19,2025-12-20,500
TYEBPAH,"Superior Equipment Rental - Wilmington DE","Custom/Other",2025-12-16,2025-12-17,2025-12-18,690
VESQFAV,"TEC Equipment Rental - Orangeburg SC","Articulating Boom Lift, 60 ft, Dual Fuel/Diesel",2025-12-16,2025-12-16,2025-12-19,1340
QWPRPAB,"Sunstate Equipment - Orlando FL","Electric Scissor Lift, 40 ft (Indoor Use Only)",2025-12-16,2025-12-17,2025-12-18,260
FTRKSAQ,"Sunstate Equipment - South Fort Worth, TX","Electric Scissor Lift, 32 ft (Indoor Use Only)",2025-12-15,2025-12-16,2025-12-23,450
FF55724,"Central Power of St Louis MO - Maryland Heights MO","Dozer, 40,000 lbs+",2025-12-15,2025-12-17,2025-12-23,2323.29
XVH3Q6P,"Sunstate Equipment - Marietta GA","Electric Scissor Lift, 32 ft (Indoor Use Only)",2025-12-15,2025-12-16,2025-12-18,400
E8D5CVT,"Blakley Equipment Inc - Mount Vernon NY","Electric Scissor Lift, 19 ft (Indoor Use Only)",2025-12-15,2025-12-15,2025-12-16,179
H5UA8HK,"Equipment Depot - Louisville KY","Custom/Other",2025-12-15,2026-01-10,2026-01-16,0
68TWUBS,"Equipment Depot - Louisville KY","Electric Scissor Lift, 19 ft (Indoor Use Only)",2025-12-15,2026-01-10,2026-01-16,230
6XQDRRQ,"Equipment Depot - Louisville KY","Electric Scissor Lift, 19 ft (Indoor Use Only)",2025-12-15,2026-01-10,2026-01-16,230
CKSLV6U,"Equipment Depot - Louisville KY","Electric Articulating Boom Lift, 60 ft",2025-12-15,2026-01-10,2026-01-16,1050
A29BYPY,"Equipment Depot - Louisville KY","Electric Articulating Boom Lift, 60 ft",2025-12-15,2026-01-10,2026-01-16,1050
QRC8LB3,"Equipment Depot - Louisville KY","Electric Articulating Boom Lift, 60 ft",2025-12-15,2026-01-10,2026-01-16,1050
VWBZGHT,"Equipment Depot - Louisville KY","Electric Articulating Boom Lift, 60 ft",2025-12-15,2026-01-10,2026-01-16,1050
TT296KB,"Equipment Depot - Louisville KY","Electric Articulating Boom Lift, 60 ft",2025-12-15,2026-01-10,2026-01-16,1050
X58ALQP,"Equipment Depot - Louisville KY","Cushion Tire Forklift, 5000 lbs (Indoor Use Only)",2025-12-15,2026-01-10,2026-01-16,650
R58FGCR,"Equipment Depot - Louisville KY","Cushion Tire Forklift, 5000 lbs (Indoor Use Only)",2025-12-15,2026-01-10,2026-01-16,650
97TY8H2,"Equipment Depot - Louisville KY","Cushion Tire Forklift, 5000 lbs (Indoor Use Only)",2025-12-15,2026-01-10,2026-01-16,650
AGASR6L,"Equipment Depot - Louisville KY","Cushion Tire Forklift, 5000 lbs (Indoor Use Only)",2025-12-15,2026-01-10,2026-01-16,650
H3F2AGE,"St. Jacobs Property Maintenance","Tractor, 125 hp+",2025-12-15,2025-12-16,2026-04-07,19200
JR58HWF,"Tejas Equipment Rental - Alvarado TX","Custom/Other",2025-12-15,2025-12-17,2025-12-18,408
4TZ3HZR,"NG Equipment Sales - Phoenix AZ","Mini Excavator, 1.5 ton",2025-12-15,2025-12-16,2026-01-12,1238.3
U4C6SJC,"G&W Equipment - Charleston SC","Cushion Tire Forklift, 6000 lbs (Indoor Use Only)",2025-12-12,2025-12-29,2026-01-02,665
BDHY9VA,"G&W Equipment - Charleston SC","Cushion Tire Forklift, 15,000 lbs (Indoor Use Only)",2025-12-12,2025-12-29,2026-01-02,1075
VBC275G,"Discount Forklift - Dallas Fort Worth TX","Custom/Other",2025-12-12,2025-12-15,2025-12-21,3875
SL8294P,"Partner Rentals - Windsor NY","Electric Scissor Lift, 26 ft (Indoor Use Only)",2025-12-12,2025-12-17,2025-12-18,132.3
L6EUR97,"Frank's Supply Company - El Paso TX","Custom/Other",2025-12-12,2025-12-13,2025-12-14,151
CLB7EGY,"Sam Equipment Rental & Sales - Coxheath NS","Telehandler Reach Forklift 6000 lbs, 40 - 42 ft",2025-12-12,2025-12-15,2026-03-15,10000
F5D47C3,"Bobcat of York (Crownstone Equipment) - Frederick MD","Electric Scissor Lift, 19 ft (Indoor Use Only)",2025-12-12,2025-12-17,2025-12-18,106
PGJ9RLC,"Sunstate Equipment - Phoenix AZ","Telehandler Reach Forklift 6000 lbs, 40 - 42 ft",2025-12-12,2025-12-15,2025-12-22,1000
W9AACFS,"Sunstate Equipment - Charlotte NC","Articulating Boom Lift, 45 ft, Dual Fuel/Diesel",2025-12-12,2025-12-13,2025-12-14,364.8
THYHDAZ,"Powertrip Rentals - Signal Hill CA","Cushion Tire Forklift, 25,000 lbs (Indoor Use Only)",2025-12-11,2025-12-16,2025-12-17,700
6HTHAYW,"Industry Lift Inc - Industry CA","Cushion Tire Forklift, 5000 lbs (Indoor Use Only)",2025-12-11,2025-12-12,2025-12-13,170
YXBSTRH,"Sunstate Equipment - Orlando FL","Articulating Boom Lift, 60 ft, Dual Fuel/Diesel",2025-12-11,2025-12-12,2025-12-19,1400
9QUTEFQ,"RP Rents - Naperville IL","Pneumatic Tire Forklift, 5000 lbs",2025-12-11,2025-12-12,2025-12-19,921
2V3YVCD,"Mcleary Lift Equipment - Brampton ON","Custom/Other",2025-12-11,2025-12-15,2025-12-16,800
CV2Q8U4,"General Rent-All - Massillon OH","Custom/Other",2025-12-11,2025-12-11,2025-12-12,30
85WAR96,"General Rent-All - Massillon OH","Tracked Skid Steer, 3400 lbs",2025-12-11,2025-12-11,2025-12-12,325
V827JZ8,"Northside Tool Rental - Buckhead (Atlanta) GA","Cushion Tire Forklift, 5000 lbs (Indoor Use Only)",2025-12-11,2025-12-15,2025-12-16,209.3
A7E2BFS,"Powertrip Rentals - Signal Hill CA","Electric Articulating Boom Lift, 45 ft",2025-12-11,2025-12-11,2025-12-18,750
KDQHBKZ,"H&K EQUIPMENT INC - CORAOPOLIS, PA","Custom/Other",2025-12-11,2025-12-15,2025-12-16,1088
DDYWPK9,"Ready Equipment Rental - San Bernardino CA","Wheeled Skid Steer, 1300 lbs",2025-12-11,2025-12-11,2025-12-12,206.5
4JLUW96,"Cowin Equipment Company Inc. - Birmingham, AL","Telehandler Reach Forklift 6000 lbs, 40 - 42 ft",2025-12-11,2025-12-12,2025-12-13,380
KRAKPL5,"MD Rental - Alfred, ME","Custom/Other",2025-12-11,2025-12-11,2025-12-12,375
EHF8X8H,"Aerial Plus - Burlington ON","Pneumatic Tire Forklift, 5000 lbs",2025-12-10,2025-12-11,2025-12-12,156
9FG757W,"Industry Lift Inc - Industry CA","Custom/Other",2025-12-10,2025-12-11,2025-12-17,1850
9JUGALW,"Sunstate Equipment - Southlake TX","Custom/Other",2025-12-10,2025-12-15,2025-12-22,245
RL6YHFJ,"Sunstate Equipment - Southlake TX","Custom/Other",2025-12-10,2025-12-11,2025-12-12,260
5ZZ4DDF,"NAM Rentals - Toronto ON","Electric Scissor Lift, 19 ft (Indoor Use Only)",2025-12-10,2025-12-11,2025-12-12,90
VR289TV,"Tejas Equipment Rental - San Antonio TX ","Articulating Boom Lift, 60 ft, Dual Fuel/Diesel",2025-12-10,2025-12-12,2025-12-16,1168
WUUJTY7,"Tejas Equipment Rental - San Antonio TX ","Articulating Boom Lift, 60 ft, Dual Fuel/Diesel",2025-12-10,2025-12-11,2025-12-15,1168
Y2UT6F2,"Continental Lift Truck - New York NY","Custom/Other",2025-12-10,2025-12-12,2025-12-19,750
F67W5RG,"CONEQ Rentals - Woodbridge ON","Telehandler Reach Forklift, 5000 lbs, 15 - 19 ft",2025-12-10,2025-12-11,2025-12-12,380
CA9Y2WQ,"Lift X Rentals - Palmetto FL","Pneumatic Tire Forklift, 5000 lbs",2025-12-10,2025-12-10,2025-12-11,188
WCPSEWL,"Robin Rents - Huntsville (North) AL","Telehandler Reach Forklift 6000 lbs, 40 - 42 ft",2025-12-10,2025-12-11,2025-12-12,490
RWS4VEX,"Aerial Plus - Burlington ON","Telehandler Reach Forklift, 5000 lbs, 15 - 19 ft",2025-12-10,2025-12-11,2025-12-12,280
9WFHB53,"Briggs Equipment - Miami FL","Cushion Tire Forklift, 5000 lbs (Indoor Use Only)",2025-12-10,2025-12-11,2026-01-08,1337
UHY8LQ3,"CONEQ Rentals - Woodbridge ON","Electric Scissor Lift, 26 ft (Indoor Use Only)",2025-12-10,2025-12-19,2025-12-31,580
FD94Y68,"CONEQ Rentals - Woodbridge ON","Electric Articulating Boom Lift, 45 ft",2025-12-10,2025-12-19,2025-12-31,1250
GFH5PKZ,"Western States Cat - Meridian ID","Dozer, 15,000 lbs+",2025-12-09,2025-12-13,2025-12-14,649.6
S2LXJDT,"Industry Lift Inc - Industry CA","Cushion Tire Forklift, 25,000 lbs (Indoor Use Only)",2025-12-09,2025-12-10,2025-12-11,350
4EE9RVU,"Border Equipment - Atlanta GA","Mini Excavator, 6 ton",2025-12-09,2025-12-10,2026-01-07,2940
QJQ4J8W,"Rent Equip - Austin TX","Dozer, 15,000 lbs+",2025-12-09,2025-12-10,2025-12-17,1500
H2EJG4V,"GTA Equipment Rentals - Oakville ON","Custom/Other",2025-12-09,2025-12-09,2026-03-24,2120
SJ9RREU,"Tejas Equipment Rental - San Marcos TX","Telehandler Reach Forklift, 10000 lbs, 50 - 56 ft",2025-12-09,2025-12-09,2025-12-10,500
RLVHRUY,"Sunstate Equipment - Raleigh (Garner) NC","Towable Boom Lift, 50 ft",2025-12-09,2025-12-15,2025-12-16,345
RUD2FHX,"Rental Guys - Orangevale CA","Custom/Other",2025-12-09,2025-12-09,2025-12-10,29
C6YU6T6,"Rental Guys - Orangevale CA","Custom/Other",2025-12-09,2025-12-09,2025-12-10,300
HGTZ954,"Powertrip Rentals - Signal Hill CA","Electric Scissor Lift, 40 ft (Indoor Use Only)",2025-12-09,2025-12-10,2026-01-07,986
R3LQ5RX,"Powertrip Rentals - Signal Hill CA","Electric Articulating Boom Lift, 30 ft",2025-12-09,2025-12-09,2025-12-16,675
574TWRR,"Lift Truck Supply - Tyler TX","Telehandler Reach Forklift, 10000 lbs, 50 - 56 ft",2025-12-09,2025-12-11,2025-12-13,822
LFPPGV7,"Lybroco Rentals - Edmonton AB","Electric Scissor Lift, 26 ft (Indoor Use Only)",2025-12-08,2025-12-11,2025-12-12,117.6
7G99G2K,"Sunstate Equipment - Houston  (Cypress) TX ","Cushion Tire Forklift, 5000 lbs (Indoor Use Only)",2025-12-08,2025-12-10,2025-12-11,200
AWL6ARE,"Ed's Rental & Sales Inc","Custom/Other",2025-12-08,2025-12-09,2026-01-06,3500
HUK3AHH,"Black Oak Equipment Rental - Sumter SC","Electric Scissor Lift, 26 ft (Indoor Use Only)",2025-12-08,2025-12-09,2025-12-12,370
K4A8BX3,"Border Equipment (Bobcat of Augusta) - Augusta GA","Dozer, 15,000 lbs+",2025-12-08,2025-12-15,2025-12-22,2000
S8U2Z4C,"Border Equipment (Bobcat of Augusta) - Augusta GA","Excavator, 20 ton+",2025-12-08,2025-12-15,2025-12-22,2400
58QPH5S,"Tejas Equipment Rental - Houston TX ","Articulating Boom Lift, 45 ft, Dual Fuel/Diesel",2025-12-08,2025-12-09,2025-12-11,920
QLLR994,"Skyblack Rentals - Houston TX","Telehandler Reach Forklift 6000 lbs, 40 - 42 ft",2025-12-08,2025-12-13,2025-12-13,0
WEYA2CR,"Sunstate Equipment - Las Vegas (Henderson) NV","Telehandler Reach Forklift 6000 lbs, 40 - 42 ft",2025-12-08,2025-12-09,2025-12-10,600
WB6J48C,"Tejas Equipment Rental - Houston TX ","Custom/Other",2025-12-08,2025-12-08,2025-12-10,480
EQHEGA8,"Bobcat Plus - Butler WI","Tracked Skid Steer, 3400 lbs",2025-12-08,2025-12-09,2025-12-10,595
5UUY84G,"Jamco - Plant City FL","Custom/Other",2025-12-08,2025-12-09,2025-12-16,583
28Q2WY8,"Sunstate Equipment - Oklahoma City OK","Custom/Other",2025-12-08,2025-12-09,2025-12-23,2400
GZ3JE7B,"Supply Wagon Rentals","Electric Scissor Lift, 19 ft (Indoor Use Only)",2025-12-08,2025-12-08,2025-12-10,300
G57EZ64,"Sunstate Equipment - Raleigh (Garner) NC","Custom/Other",2025-12-08,2025-12-08,2025-12-09,135
EKLH8JK,"Sunstate Equipment - Raleigh (Garner) NC","Custom/Other",2025-12-08,2025-12-08,2025-12-09,135
ZZPXKPS,"Equipment Depot - Dallas TX","Custom/Other",2025-12-05,2025-12-08,2025-12-09,410
ZYAWW4F,"Sunstate Equipment - Las Vegas (Henderson) NV","Custom/Other",2025-12-05,2025-12-12,2025-12-19,131
X55SVT8,"Sunstate Equipment - Las Vegas (Henderson) NV","Custom/Other",2025-12-05,2025-12-12,2025-12-19,500
DG89URD,"Aerial Plus - Burlington ON","Electric Scissor Lift, 32 ft (Indoor Use Only)",2025-12-05,2025-12-09,2025-12-10,140
GL9ZZRL,"Elite Equipment Rental - Lebanon OR","Custom/Other",2025-12-05,2025-12-09,2025-12-11,250
LXZ8922,"General Rent-All - Massillon OH","Tracked Skid Steer, 3400 lbs",2025-12-05,2025-12-11,2025-12-12,340
LRWJR58,"Sunstate Equipment - San Diego CA","Cushion Tire Forklift, 5000 lbs (Indoor Use Only)",2025-12-04,2025-12-08,2026-03-02,3660
LR2G3PC,"Ecco Equipment Corporation - Phoenix, AZ","Excavator, 25 ton+",2025-12-04,2025-12-05,2025-12-12,2025
FZARW35,"Stoney Creek Equipment Rentals - Hamilton ON","Pneumatic Tire Forklift, 5000 lbs",2025-12-04,2025-12-05,2025-12-06,175
5JUXXY2,"Tejas Equipment Rental - Alvarado TX","Electric Scissor Lift, 32 ft (Indoor Use Only)",2025-12-04,2025-12-05,2025-12-12,484
Z3BYS9K,"Mcleary Lift Equipment - Brampton ON","Custom/Other",2025-12-04,2025-12-08,2025-12-15,585
FTGYXP8,"Continental Lift Truck - New York NY","Cushion Tire Forklift, 6000 lbs (Indoor Use Only)",2025-12-04,2025-12-04,2025-12-05,250
L59KXEZ,"Synergy Equipment - Clearwater FL","Mini Excavator, 8 ton",2025-12-04,2025-12-05,2025-12-09,1600
AK8L3FH,"Sunstate Equipment - Tucson AZ","Electric Scissor Lift, 19 ft (Indoor Use Only)",2025-12-04,2025-12-05,2025-12-12,245
877B5RQ,"Leppo Rents (Bobcat of Jacksonville) - Jacksonville FL","Scissor Lift, Vertical Man Lift",2025-12-04,2025-12-04,2025-12-05,161.7
C5RXLS8,"Aerial Plus - Burlington ON","Pneumatic Tire Forklift, 5000 lbs",2025-12-04,2025-12-05,2025-12-12,396
XTH67AH,"U-Rent It Sales & Service - Rockwall TX","Electric Scissor Lift, 19 ft (Indoor Use Only)",2025-12-04,2025-12-08,2025-12-14,222.6
HDYCF7D,"Continental Lift Truck - New York NY","Electric Scissor Lift, 19 ft (Indoor Use Only)",2025-12-04,2025-12-04,2025-12-10,284
ZRHPUR2,"Lift X Rentals - Palmetto FL","Telehandler Reach Forklift, 5000 lbs, 15 - 19 ft",2025-12-04,2025-12-05,2025-12-12,800
E2UZ64F,"Great Rate Rentals - South Windsor CT","Articulating Boom Lift, 45 ft, Dual Fuel/Diesel",2025-12-04,2025-12-06,2025-12-07,299
975PFQ8,"Border Equipment (Bobcat of Augusta) - Augusta GA","Custom/Other",2025-12-04,2025-12-09,2025-12-10,524.8
KKQ5VLC,"JGR Equipment Sales & Rental - Richmond VA","Telehandler Reach Forklift, 10000 lbs, 42 - 49 ft",2025-12-03,2025-12-05,2025-12-12,1300
WY85HVX,"Synergy Equipment - Orlando FL","Mini Excavator, 9 ton",2025-12-03,2025-12-19,2025-12-22,1922
BD654F6,"Industry Lift Inc - Industry CA","Custom/Other",2025-12-03,2025-12-04,2025-12-05,380
J2ZJ2QH,"Superior Equipment Rental - Wilmington DE","Telehandler Reach Forklift, 5000 lbs, 15 - 19 ft",2025-12-03,2025-12-05,2025-12-06,530
D4PZP8U,"Dominic's Equipment Rental - Monroe PA","Custom/Other",2025-12-03,2025-12-04,2025-12-11,1058
BJWE7SY,"Area Rentals Inc - Hillside NJ","Articulating Boom Lift, 80 ft, Dual Fuel/Diesel",2025-12-03,2025-12-04,2025-12-05,890
3EWZ2G3,"Leppo Rents (Bobcat of Jacksonville) - Jacksonville FL","Telehandler Reach Forklift 6000 lbs, 40 - 42 ft",2025-12-03,2025-12-08,2025-12-10,849.6
RV6U687,"Area Rentals Inc - Hillside NJ","Electric Scissor Lift, 40 ft (Indoor Use Only)",2025-12-03,2025-12-05,2025-12-12,830
RJVYVSX,"Aerial Plus - Burlington ON","Articulating Boom Lift, 60 ft, Dual Fuel/Diesel",2025-12-03,2025-12-03,2025-12-24,2628
AHWKQEQ,"Rental Solutions and Events LLC - Sykesville MD","Mini Excavator, 3 ton",2025-12-03,2025-12-04,2025-12-05,250
3TUGXY8,"NAM Rentals - Toronto ON","Electric Scissor Lift, 19 ft (Indoor Use Only)",2025-12-02,2025-12-03,2025-12-04,109
V4GU5L3,"Aerial Plus - Burlington ON","Electric Scissor Lift, 19 ft (Indoor Use Only)",2025-12-02,2025-12-03,2025-12-05,186.2
9RT866Y,"Thompson & Johnson Equipment Co., Inc - East Syracuse NY","Custom/Other",2025-12-02,2025-12-04,2025-12-05,695
AU7B7SF,"Eastern Tennessee Rent-Alls - Johnson City TN","Custom/Other",2025-12-02,2025-12-04,2025-12-05,350
8ZQVX6S,"NAM Rentals - Toronto ON","Electric Scissor Lift, 26 ft (Indoor Use Only)",2025-12-02,2025-12-03,2025-12-09,250.4
S6YZU7V,"CONEQ Rentals - Woodbridge ON","Telehandler Reach Forklift, 8000 lbs, 41 - 43 ft",2025-12-02,2025-12-02,2025-12-03,359.1
9ZS766Y,"All Pro Lift and Equipment LLC - Phoenix AZ","Telehandler Reach Forklift, 5000 lbs, 15 - 19 ft",2025-12-02,2025-12-04,2025-12-11,846.4
4RD7XFG,"Ecco Equipment Corporation - Visalia, CA","Soil Compaction Pad Foot, 84 inches+",2025-12-01,2025-12-02,2025-12-03,675
95ZPR9F,"Hive Rentals & Co - Caldwell TX","Dozer, 20,000 lbs+",2025-12-01,2025-12-08,2025-12-15,1800
JLQTYLE,"All Pro Lift and Equipment LLC - Phoenix AZ","Electric Scissor Lift, 19 ft (Indoor Use Only)",2025-12-01,2025-12-01,2025-12-02,126
4YG8KUB,"Carolina Industrial Trucks - Charlotte NC","Pneumatic Tire Forklift, 5000 lbs",2025-12-01,2025-12-04,2025-12-05,400
2P4KFLT,"Synergy Equipment - Austin TX","Telehandler Reach Forklift, 10000 lbs, 50 - 56 ft",2025-12-01,2025-12-07,2025-12-13,1750
YC559ZS,"Sunstate Equipment - Burbank CA","Cushion Tire Forklift, 5000 lbs (Indoor Use Only)",2025-12-01,2025-12-03,2025-12-04,200
VDUK6UX,"Northside Tool Rental - Buckhead (Atlanta) GA","Electric Scissor Lift, 26 ft (Indoor Use Only)",2025-12-01,2025-12-02,2025-12-09,432
ETCPVL9,"Northside Tool Rental - Buckhead (Atlanta) GA","Electric Scissor Lift, 26 ft (Indoor Use Only)",2025-12-01,2025-12-02,2025-12-09,432
HUS2VZE,"Northside Tool Rental - Buckhead (Atlanta) GA","Cushion Tire Forklift, 5000 lbs (Indoor Use Only)",2025-12-01,2025-12-02,2025-12-09,511.7
ZPS6BH3,"Continental Lift Truck - New York NY","Pneumatic Tire Forklift, 15,000 lbs",2025-12-01,2025-12-03,2025-12-04,450
9YQWJ4E,"Continental Lift Truck - New York NY","Telehandler Reach Forklift, 8000 lbs, 41 - 43 ft",2025-12-01,2025-12-04,2025-12-11,950
VEJDTAU,"UpLift Equipment Rentals - Medley Fl","Custom/Other",2025-12-01,2025-12-02,2025-12-09,529.65
PHZU3KJ,"Aerial Plus - Burlington ON","Pneumatic Tire Forklift, 5000 lbs",2025-12-01,2025-12-01,2025-12-02,156
6G5C3FP,"Aerial Plus - Burlington ON","Electric Scissor Lift, 19 ft (Indoor Use Only)",2025-12-01,2025-12-02,2025-12-08,240
VV3FSJT,"Aerial Plus - Burlington ON","Electric Scissor Lift, 26 ft (Indoor Use Only)",2025-12-01,2025-12-02,2025-12-08,300
7X4WDBK,"Continental Lift Truck - New York NY","Custom/Other",2025-11-28,2025-12-02,2025-12-30,825
XV3PJSG,"Encon Equipment LLC","Custom/Other",2025-11-28,2025-12-29,2025-12-30,216
Z6JERC2,"Northside Tool Rental - Buckhead (Atlanta) GA","Electric Scissor Lift, 19 ft (Indoor Use Only)",2025-11-28,2025-12-01,2025-12-08,391
R433HLG,"Coastal Rental Center - New Port Richey FL","Articulating Boom Lift, 60 ft, Dual Fuel/Diesel",2025-11-28,2025-11-29,2025-11-30,625
XEPDBV5,"Aerial Plus - Burlington ON","Articulating Boom Lift, 60 ft, Dual Fuel/Diesel",2025-11-27,2025-12-01,2025-12-02,316
T44RTFE,"Aerial Plus - Burlington ON","Electric Scissor Lift, 32 ft (Indoor Use Only)",2025-11-27,2025-11-28,2025-11-29,140
WSEE75L,"Stoney Creek Equipment Rentals - Hamilton ON","Cushion Tire Forklift, 6000 lbs (Indoor Use Only)",2025-11-27,2025-12-01,2025-12-02,152.6
YRYDBWL,"Summit Toyotalift - North Haven CT","Pneumatic Tire Forklift, 15,000 lbs",2025-11-26,2025-12-01,2025-12-07,1350
GFFEKLY,"Sunstate Equipment - Prescott Valley AZ","Electric Scissor Lift, 26 ft (Indoor Use Only)",2025-11-26,2025-12-01,2025-12-02,160
CHERHXP,"Dominic's Equipment Rental - Monroe PA","Custom/Other",2025-11-26,2025-12-02,2025-12-09,340
P86TLET,"Skyblack Rentals - Houston TX","Cushion Tire Forklift, 5000 lbs (Indoor Use Only)",2025-11-26,2025-12-02,2025-12-03,242.4
99F7S4V,"Lift X Rentals - Palmetto FL","Electric Articulating Boom Lift, 45 ft",2025-11-26,2025-12-02,2025-12-30,1150.4
6B8W87A,"Stoney Creek Equipment Rentals - Hamilton ON","Custom/Other",2025-11-26,2025-12-04,2025-12-05,185
29PUP9Z,"Leppo Rents (Bobcat of Opelika) - Opelika AL","Telehandler Reach Forklift, 5000 lbs, 15 - 19 ft",2025-11-26,2025-12-01,2025-12-15,1520
XRCRXVB,"Sunstate Equipment - Atlanta GA","Custom/Other",2025-11-26,2025-12-01,2025-12-08,3585
Y7S9WCS,"Sunstate Equipment - Atlanta GA","Custom/Other",2025-11-26,2025-12-01,2025-12-08,2300
T3EE55V,"Arapahoe Rental - Westminster CO","Electric Scissor Lift, 19 ft (Indoor Use Only)",2025-11-26,2025-12-03,2025-12-04,126.7
SZB7WX3,"Leppo Rents - Cleveland OH","Dozer, 40,000 lbs+",2025-11-26,2025-12-02,2025-12-04,1560
XTL2YEP,"Sunstate Equipment - Dallas TX (Duncanville)","Electric Scissor Lift, 40 ft (Indoor Use Only)",2025-11-26,2025-12-01,2025-12-03,520
G6G59G9,"Leppo Rents - Cleveland OH","Cushion Tire Forklift, 5000 lbs (Indoor Use Only)",2025-11-26,2025-12-02,2025-12-08,468
GLXK8GA,"Eastern Tennessee Rent-Alls - Johnson City TN","Custom/Other",2025-11-25,2025-11-26,2025-11-29,500
AJX9TSQ,"Cal-West Rentals, Inc - San Rafael, CA","Articulating Boom Lift, 45 ft, Dual Fuel/Diesel",2025-11-25,2025-11-27,2025-11-28,465
SG7FU4B,"Encon Equipment LLC","Custom/Other",2025-11-25,2025-12-02,2025-12-03,216
C5JH37X,"CONEQ Rentals - Woodbridge ON","Articulating Boom Lift, 80 ft, Dual Fuel/Diesel",2025-11-25,2025-12-01,2025-12-02,650
85SA3CC,"Aerial Plus - Burlington ON","Custom/Other",2025-11-25,2025-11-28,2025-11-29,36
FRV6HEP,"Aerial Plus - Burlington ON","Articulating Boom Lift, 60 ft, Dual Fuel/Diesel",2025-11-25,2025-11-28,2025-11-29,316
96E2JW8,"South Florida Equipment Rentals - West Palm Beach FL","Straight Boom Lift, 60 ft, Dual Fuel/Diesel",2025-11-25,2025-11-25,2025-11-26,420
9S2U73P,"Worldwide Forklifts - Fort Lauderdale FL","Custom/Other",2025-11-25,2025-12-02,2025-12-03,200
4ZJYBPT,"Northside Tool Rental - Gwinnett GA","Electric Scissor Lift, 26 ft (Indoor Use Only)",2025-11-25,2025-11-26,2025-12-02,508
WZV6JCB,"Industry Lift Inc - Industry CA","Cushion Tire Forklift, 25,000 lbs (Indoor Use Only)",2025-11-25,2025-11-25,2025-11-26,380
XPZUCPT,"RP Rents - Naperville IL","Custom/Other",2025-11-25,2025-11-26,2025-12-03,400
QHTAFK9,"RP Rents - Naperville IL","Telehandler Reach Forklift, 8000 lbs, 41 - 43 ft",2025-11-25,2025-11-26,2025-12-03,1500
2SZ3HZ6,"Sunstate Equipment - Oakland CA","Electric Scissor Lift, 19 ft (Indoor Use Only)",2025-11-25,2025-11-25,2025-11-26,130
J2LVQYD,"Illinois Lift Equipment - Cary IL","Telehandler Reach Forklift, 8000 lbs, 41 - 43 ft",2025-11-25,2025-11-28,2025-12-05,1200
8S952YE,"Global Lions Rental Inc - Vancouver BC","Telehandler Reach Forklift, 8000 lbs, 41 - 43 ft",2025-11-24,2025-11-25,2026-02-17,10500
LFTE79B,"Leppo Rents - Canton OH","Telehandler Reach Forklift, 12000 lbs, 55 - 56 ft",2025-11-24,2025-11-25,2025-12-02,1900
TW2PGKK,"Sunstate Equipment - Odessa TX","Electric Scissor Lift, 19 ft (Indoor Use Only)",2025-11-24,2025-11-26,2025-12-02,295
279E83W,"The Equipment Source - Englewood FL","Custom/Other",2025-11-24,2025-11-25,2025-12-02,950
LBRWQBK,"Aerial Plus - Burlington ON","Cushion Tire Forklift, 5000 lbs (Indoor Use Only)",2025-11-24,2025-11-25,2025-11-26,156
8GG9Z5T,"Aerial Plus - Burlington ON","Mini Excavator, 3 ton",2025-11-24,2025-11-29,2025-11-30,280
CD5ZHEA,"Northside Tool Rental - Buckhead (Atlanta) GA","Cushion Tire Forklift, 5000 lbs (Indoor Use Only)",2025-11-24,2025-11-25,2025-11-26,175
CV2UWRP,"Sunstate Equipment - North Houston TX","Electric Scissor Lift, 26 ft (Indoor Use Only)",2025-11-21,2025-11-25,2025-11-26,160
G4CS582,"Illinois Lift Equipment - Cary IL","Rough Terrain Scissor Lift, 26 ft",2025-11-21,2025-11-25,2025-11-26,236.6
2JP7DYC,"Cal-West Rentals, Inc - San Rafael, CA","Electric Articulating Boom Lift, 30 ft",2025-11-21,2025-11-24,2025-11-25,395
JX6GBG6,"Rattlesnake Rentals - Lake Havau City AZ","Custom/Other",2025-11-21,2025-11-25,2025-11-26,350
Q76D63J,"HTX Material Handling - Houston TX","Custom/Other",2025-11-21,2025-11-24,2025-12-22,5200
XBACCJS,"HTX Material Handling - Houston TX","Custom/Other",2025-11-21,2025-11-24,2025-12-22,5200
9F9D8JB,"Sunstate Equipment - Charleston SC","Electric Scissor Lift, 32 ft (Indoor Use Only)",2025-11-21,2025-12-01,2025-12-29,800
EKXW2LU,"Tejas Equipment Rental - Alvarado TX","Custom/Other",2025-11-21,2025-11-24,2025-12-01,1028
GDSKTA5,"Tejas Equipment Rental - Alvarado TX","Custom/Other",2025-11-21,2025-11-24,2025-12-01,980
JEDLYEJ,"Nice Guy Heavy Equipment Rentals - New Tecumseth ON","Dozer, 40,000 lbs+",2025-11-21,2025-11-22,2025-11-24,2052
XYFE6LE,"Sunstate Equipment - Portland OR","Custom/Other",2025-11-21,2025-11-22,2025-11-23,300
WTDEXUV,"U-Rent It Sales & Service HQ - Terrell, TX","Telehandler Reach Forklift, 10000 lbs, 50 - 56 ft",2025-11-21,2025-11-21,2025-11-23,900
XRE774E,"Stoney Creek Equipment Rentals - Hamilton ON","Cushion Tire Forklift, 5000 lbs (Indoor Use Only)",2025-11-21,2025-11-24,2025-12-01,550
RRPHHGC,"Sunstate Equipment - Nashville TN","Telehandler Reach Forklift 6000 lbs, 40 - 42 ft",2025-11-21,2025-11-22,2025-11-23,600
7AZ8CPR,"Sunstate Equipment - Casa Grande AZ","Backhoe, 70 hp+",2025-11-21,2025-11-23,2025-11-26,895
SJXD43T,"Northside Tool Rental - Buckhead (Atlanta) GA","Electric Scissor Lift, 19 ft (Indoor Use Only)",2025-11-20,2025-11-25,2025-11-25,0
HGYVE4W,"Superior Forklift Repair Inc. - Fitchburg MA","Custom/Other",2025-11-20,2025-11-24,2025-12-22,850
5R6EUFS,"The Equipment Connection - Lancaster CA","Electric Scissor Lift, 32 ft (Indoor Use Only)",2025-11-20,2025-11-24,2025-11-25,193.2
X34G3U6,"Aerial Plus - Burlington ON","Cushion Tire Forklift, 5000 lbs (Indoor Use Only)",2025-11-20,2025-11-21,2025-12-05,792
CP6AAXC,"Aerial Plus - Burlington ON","Electric Scissor Lift, 19 ft (Indoor Use Only)",2025-11-20,2025-11-21,2025-11-27,240
6Z98V3J,"Continental Lift Truck - New York NY","Articulating Boom Lift, 45 ft, Dual Fuel/Diesel",2025-11-20,2025-11-24,2025-11-25,273
FY5BBV5,"H&C Rents - Murfreesboro, TN","Articulating Boom Lift, 45 ft, Dual Fuel/Diesel",2025-11-20,2025-11-22,2025-11-24,900
2XJZ35W,"Sunstate Equipment - Stockton (French Camp) CA","Telehandler Reach Forklift 6000 lbs, 40 - 42 ft",2025-11-20,2025-12-02,2025-12-09,1000
DF3X2FA,"Sunstate Equipment - Roseville CA","Electric Scissor Lift, 40 ft (Indoor Use Only)",2025-11-20,2025-11-20,2025-12-18,1200
KFYQV2V,"Chet's Rent All - Rochester Hills MI","Electric Scissor Lift, 19 ft (Indoor Use Only)",2025-11-20,2025-11-21,2025-11-28,305
JYXUZW8,"Sunstate Equipment - Denver CO","Electric Scissor Lift, 40 ft (Indoor Use Only)",2025-11-20,2025-11-20,2025-11-21,260
CBVALFR,"Stoney Creek Equipment Rentals - Hamilton ON","Towable Boom Lift, 36 ft",2025-11-20,2025-11-21,2025-12-04,1400
P594DHY,"Riggs Cat - Russellville AR","Telehandler Reach Forklift, 12000 lbs, 55 - 56 ft",2025-11-20,2025-11-24,2025-12-01,1900
B7SF7UE,"Sunstate Equipment - Jacksonville FL","Telehandler Reach Forklift 6000 lbs, 40 - 42 ft",2025-11-20,2025-11-20,2025-11-21,600
J5C7XQW,"Skyblack Rentals - Houston TX","Electric Scissor Lift, 19 ft (Indoor Use Only)",2025-11-20,2025-11-20,2025-11-21,106.4
3LASUTC,"D&B Rentals Sales & Service - Sterling VA","Electric Scissor Lift, 19 ft (Indoor Use Only)",2025-11-20,2025-11-20,2025-11-21,105.7
BU6FZS9,"Need a Lift Rentals - Fort Lauderdale FL","Custom/Other",2025-11-20,2025-11-20,2025-11-27,320
FDTHF79,"Darr Equipment Co - Haltom City TX","Electric Scissor Lift, 26 ft (Indoor Use Only)",2025-11-20,2025-11-21,2025-11-22,96.6
BZLGWLF,"Sunstate Equipment - South Houston TX","Telehandler Reach Forklift, 6000 lbs, 32 - 39 ft",2025-11-20,2025-11-22,2025-11-22,0
6KSEHUG,"Dickie Moore Rentals - Ottawa ON","Custom/Other",2025-11-19,2025-11-21,2025-11-27,1050
7LTD926,"Sunstate Equipment - San Antonio TX","Electric Articulating Boom Lift, 45 ft",2025-11-19,2025-11-24,2025-11-27,950
UY8FP92,"Aerial Plus - Burlington ON","Articulating Boom Lift, 45 ft, Dual Fuel/Diesel",2025-11-19,2025-11-20,2025-11-21,236
DDF65P4,"Sunstate Equipment - Odessa TX","Custom/Other",2025-11-19,2025-11-19,2025-11-26,675
A4USLJH,"Tri Bridges Inc.","Tractor, 125 hp+",2025-11-19,2025-12-01,2026-04-13,24000
DWL2PQC,"Tejas Equipment Rental - San Antonio TX ","Articulating Boom Lift, 60 ft, Dual Fuel/Diesel",2025-11-19,2025-11-19,2025-11-26,1168
Y52FW9V,"The Rental Guys - Calgary AB","Articulating Boom Lift, 45 ft, Dual Fuel/Diesel",2025-11-19,2025-11-19,2025-11-20,525
32XPUST,"Sunstate Equipment - Dallas TX (Duncanville)","Custom/Other",2025-11-19,2025-11-20,2025-12-18,1420
C3RWPR8,"Bulldog Equipment Rental & Supply - Clearwater FL","Custom/Other",2025-11-19,2025-11-18,2025-11-19,370
B4AS2S2,"CONEQ Rentals - Woodbridge ON","Articulating Boom Lift, 34 ft, Dual Fuel/Diesel",2025-11-18,2025-11-19,2025-11-25,633.5
Z3RUHB9,"Sunstate Equipment - Roseville CA","Telehandler Reach Forklift 6000 lbs, 40 - 42 ft",2025-11-18,2025-11-19,2025-12-02,2000
CZAGTWT,"Best Rental Services Inc - Vaughan ON","Rough Terrain Scissor Lift, 26 ft",2025-11-18,2025-11-19,2025-12-16,1200
K778LKZ,"Need a Lift Rentals - Fort Lauderdale FL","Scissor Lift, Vertical Man Lift",2025-11-18,2025-11-20,2025-11-27,320
7AKKWKK,"Sunstate Equipment - Oakland CA","Custom/Other",2025-11-18,2025-11-24,2025-11-26,600
GAXJ7FE,"Pro Rentals & Sales - Moses Lake WA","Custom/Other",2025-11-18,2025-11-19,2025-11-26,2279
UDP9H8S,"Sunstate Equipment - San Antonio TX","Articulating Boom Lift, 45 ft, Dual Fuel/Diesel",2025-11-18,2025-11-19,2025-11-20,365
BHGA5HR,"Equipment Depot - Waco TX","Articulating Boom Lift, 60 ft, Dual Fuel/Diesel",2025-11-18,2025-11-19,2025-11-25,1250
Q5YGZDA,"Sunstate Equipment - Carrollton TX","Custom/Other",2025-11-18,2026-01-05,2026-01-06,1155
GKRWE4A,"Sunstate Equipment - Benicia CA","Electric Articulating Boom Lift, 45 ft",2025-11-18,2025-11-20,2025-11-21,355
WK8D5FD,"BAM Rents - Indianapolis IN","Electric Scissor Lift, 19 ft (Indoor Use Only)",2025-11-18,2025-11-19,2025-11-21,225
3THASCR,"Sunstate Equipment - Colorado Springs CO","Electric Articulating Boom Lift, 60 ft",2025-11-18,2025-11-19,2025-11-25,1400
ZZHTEH3,"J-AAR Excavating Limited","Custom/Other",2025-11-18,2025-11-20,2026-02-16,53000
8QF8QBJ,"Skyblack Rentals - Houston TX","Cushion Tire Forklift, 5000 lbs (Indoor Use Only)",2025-11-18,2025-11-24,2025-12-22,875
RQWDAW6,"Defatte Equipment Rentals - Ukiah CA","Custom/Other",2025-11-18,2025-11-18,2025-12-16,2000
CPYX4AU,"Defatte Equipment Rentals - Ukiah CA","Articulating Boom Lift, 60 ft, Dual Fuel/Diesel",2025-11-18,2025-11-18,2025-12-16,2720
KLV4CPY,"Lift X Rentals - Palmetto FL","Telehandler Reach Forklift, 6000 lbs, 32 - 39 ft",2025-11-18,2025-11-19,2025-11-26,880
W2CTE25,"The Equipment Source - Naples FL","Telehandler Reach Forklift, 8000 lbs, 41 - 43 ft",2025-11-18,2025-11-18,2025-12-16,2560
8Z4JQQY,"Sunstate Equipment - Colton CA","Custom/Other",2025-11-18,2025-11-18,2025-12-16,1200
YB9EKZD,"NAM Rentals - Toronto ON","Electric Scissor Lift, 40 ft (Indoor Use Only)",2025-11-17,2025-11-19,2025-11-20,280
3SRZTEB,"Sunstate Equipment - Lakewood WA","Electric Scissor Lift, 26 ft (Indoor Use Only)",2025-11-17,2025-11-24,2025-12-01,370
GFA2RBC,"Stoney Creek Equipment Rentals - Hamilton ON","Towable Boom Lift, 36 ft",2025-11-17,2025-11-18,2025-11-19,310
5JL6RFP,"Aerial Plus - Burlington ON","Articulating Boom Lift, 45 ft, Dual Fuel/Diesel",2025-11-17,2025-11-18,2025-11-24,716
53RX6W7,"Illinois Lift Equipment - Cary IL","Articulating Boom Lift, 45 ft, Dual Fuel/Diesel",2025-11-17,2025-12-03,2025-12-04,350.4
K9ASXCE,"Illinois Lift Equipment - Cary IL","Articulating Boom Lift, 45 ft, Dual Fuel/Diesel",2025-11-17,2025-12-03,2025-12-04,350.4
V6Q78U6,"Maynard Brubacher - Wallenstein ON","Tractor, 125 hp+",2025-11-17,2025-11-19,2026-04-08,24000
DXLFFC4,"Sunstate Equipment - Anaheim CA","Custom/Other",2025-11-17,2025-11-18,2025-11-21,585
F59SSYR,"MAK Equipment Las Vegas LLC","Custom/Other",2025-11-17,2025-11-17,2025-11-19,1380
U7FSRYG,"Leavitt Machinery - Brampton ON","Custom/Other",2025-11-17,2025-11-18,2025-11-19,452
56U6DDX,"Sunstate Equipment - Carrollton TX","Telehandler Reach Forklift 6000 lbs, 40 - 42 ft",2025-11-17,2025-11-17,2025-11-18,600
7ZC9EUP,"Tri-Lift Inc - Hamden CT","Cushion Tire Forklift, 5000 lbs (Indoor Use Only)",2025-11-17,2025-11-17,2025-11-18,430
E9R3YGT,"Darr Equipment Co. - Dallas, TX (HQ)","Electric Scissor Lift, 26 ft (Indoor Use Only)",2025-11-15,2025-11-18,2025-11-20,193.2
82635BX,"Aerial Plus - Burlington ON","Electric Scissor Lift, 19 ft (Indoor Use Only)",2025-11-14,2025-11-17,2025-11-24,241.5
YK4EYD9,"Skyblack Rentals - Houston TX","Straight Boom Lift, 60 ft, Dual Fuel/Diesel",2025-11-14,2025-11-18,2025-11-19,425
HGBHYHL,"Gerken Rent-All - Kansas City KS","Straight Boom Lift, 60 ft, Dual Fuel/Diesel",2025-11-14,2025-11-18,2025-11-24,1499
7WFETFY,"Sunstate Equipment - Fort Collins CO","Pneumatic Tire Forklift, 5000 lbs",2025-11-14,2025-11-17,2025-11-24,675
STJBEU2,"Rental Stop Ohio (Highlift Equipment) - Cincinnati OH","Telehandler Reach Forklift, 5000 lbs, 15 - 19 ft",2025-11-14,2025-11-18,2025-12-16,1900
KT9K5WE,"Sunstate Equipment - Jacksonville FL","Electric Scissor Lift, 26 ft (Indoor Use Only)",2025-11-14,2025-11-17,2025-12-15,650
XS23SRX,"Sunstate Equipment - Jacksonville FL","Electric Scissor Lift, 26 ft (Indoor Use Only)",2025-11-14,2025-11-17,2025-12-15,650
JGVKAJY,"Sunstate Equipment - Jacksonville FL","Telehandler Reach Forklift, 8000 lbs, 41 - 43 ft",2025-11-14,2025-11-17,2025-12-15,2500
XHUQK5R,"All Pro Lift and Equipment LLC - Phoenix AZ","Electric Scissor Lift, 19 ft (Indoor Use Only)",2025-11-14,2025-11-17,2025-11-18,75
7XLSLT6,"Sunstate Equipment - Colton CA","Custom/Other",2025-11-14,2025-11-17,2025-12-15,1600
AUF6HW6,"Need a Lift Rentals - Fort Lauderdale FL","Electric Scissor Lift, 19 ft (Indoor Use Only)",2025-11-14,2025-11-17,2025-11-24,250.4
ZYQ5VKD,"Sunstate Equipment - Tulsa OK","Cushion Tire Forklift, 5000 lbs (Indoor Use Only)",2025-11-14,2025-11-17,2025-12-14,1000
374HL8B,"Sunstate Equipment - Dallas TX (Duncanville)","Custom/Other",2025-11-14,2025-11-18,2025-11-25,370
BSRB5DJ,"Leavitt Machinery - Cambridge ON","Custom/Other",2025-11-14,2025-11-17,2025-11-18,525
LUU5H4Y,"Rental King LLC","Custom/Other",2025-11-14,2025-11-17,2025-11-18,400
H834BRY,"Rental Stop - Grande Prairie TX","Articulating Boom Lift, 45 ft, Dual Fuel/Diesel",2025-11-14,2025-11-15,2025-11-16,460.8
XQTTX83,"Sunstate Equipment - Prescott Valley AZ","Electric Scissor Lift, 19 ft (Indoor Use Only)",2025-11-14,2025-11-17,2025-11-23,245
RRCRC42,"Darr Equipment Co. - Oklahoma City, OK","Pneumatic Tire Forklift, 5000 lbs",2025-11-14,2025-11-17,2025-11-23,490.7
JTX77Z5,"CONEQ Rentals - Woodbridge ON","Telehandler Reach Forklift, 5000 lbs, 15 - 19 ft",2025-11-14,2025-11-17,2025-11-23,800
WQABE7P,"Sunstate Equipment - Balch Springs TX","Custom/Other",2025-11-14,2025-11-14,2025-11-21,105
DXUXWB2,"Sunstate Equipment - Balch Springs TX","Cushion Tire Forklift, 5000 lbs (Indoor Use Only)",2025-11-14,2025-11-14,2025-11-21,500
XJ565BG,"Sunstate Equipment - Las Vegas (Henderson) NV","Electric Scissor Lift, 20 ft (Indoor Use Only)",2025-11-13,2025-11-14,2025-11-28,390
EVA99GH,"Sun Coast Rentals - Carpinteria CA","Cushion Tire Forklift, 6000 lbs (Indoor Use Only)",2025-11-13,2025-11-14,2025-11-15,295
BJV2LKF,"Best Rental Services Inc - Vaughan ON","Soil Compaction Smooth Drum, 84 inches+",2025-11-13,2025-11-13,2025-11-15,818
JPWPS2C,"Rental Pro - Richmond KY","Custom/Other",2025-11-13,2025-11-14,2025-12-12,1800
WCKHSPT,"Duron Equipment (Bobcat of Winnipeg) - Winnipeg MB","Tracked Skid Steer, 3000 lbs",2025-11-13,2025-11-13,2025-11-15,990
BRY842J,"Empire Tool Rental - Pompano Beach FL","Electric Scissor Lift, 26 ft (Indoor Use Only)",2025-11-13,2025-11-14,2025-11-20,328.3
QDQWG97,"NAM Rentals - Toronto ON","Rough Terrain Scissor Lift, 40 ft",2025-11-13,2025-11-19,2025-11-20,190
T9DRF8H,"U-Rent It Sales & Service - Rockwall TX","Telehandler Reach Forklift, 8000 lbs, 41 - 43 ft",2025-11-13,2025-11-13,2025-11-14,350
EWBHER2,"Clairemont Equipment - Indio CA","Electric Scissor Lift, 26 ft (Indoor Use Only)",2025-11-12,2025-11-13,2025-11-20,477
UALQ6KZ,"J&J Equipment Rentals - Caledon East ON","Wheel Loader, 3 yds+",2025-11-12,2025-11-18,2026-04-07,31000
79F8HCJ,"Aerial Plus - Burlington ON","Telehandler Reach Forklift, 8000 lbs, 41 - 43 ft",2025-11-12,2025-11-19,2025-11-20,385
YF6EPGU,"LAX Equipment Inc - Inglewood CA","Telehandler Reach Forklift, 5000 lbs, 15 - 19 ft",2025-11-12,2025-11-13,2025-11-14,284.9
WESXJ8Q,"Leavitt Machinery - Brampton ON","Custom/Other",2025-11-12,2025-11-14,2025-11-16,420
PRKL5DC,"Rent City of Altus Inc - Atlus, OK","Pneumatic Tire Forklift, 5000 lbs",2025-11-12,2025-11-12,2025-11-13,285
J94VQSK,"Rent City of Altus Inc - Atlus, OK","Custom/Other",2025-11-12,2025-11-12,2025-11-13,50
GQT2ZLY,"Pioneer Equipment Company - Jacksonville FL","Excavator, 25 ton+",2025-11-12,2025-12-12,2025-12-18,2450.4
YB9S42F,"Carolina Industrial Trucks - Charlotte NC","Pneumatic Tire Forklift, 5000 lbs",2025-11-12,2025-11-12,2025-11-13,400
RPJUWA5,"AIS Construction Equipment Corp - New Hudson (West Detroit) MI","Straight Boom Lift, 80 ft, Dual Fuel/Diesel",2025-11-12,2025-11-12,2025-11-13,995
HE77H5J,"Best Rental Services Inc - Vaughan ON","Scissor Lift, Vertical Man Lift",2025-11-12,2025-11-12,2025-11-13,110
QKHY65K,"Need a Lift Rentals - Fort Lauderdale FL","Electric Scissor Lift, 26 ft (Indoor Use Only)",2025-11-12,2025-11-13,2025-11-19,375.2
K657JYW,"Need a Lift Rentals - Fort Lauderdale FL","Electric Scissor Lift, 26 ft (Indoor Use Only)",2025-11-12,2025-11-13,2025-11-19,375.2
