Supplier Name,Website,City,State,Country,Boom Lifts,Scissor Lifts,Forklifts,Excavators,Dozers,Loaders,Skid Steers,Telehandlers,Other Equipment,Research Status
Sunstate Equipment,sunstateequip.com,Apache Junction,AZ,USA,YES,YES,YES,YES,NO,YES,NO,NO,"Compressors, Generators, Pumps, Trenchers, Concrete Equipment, Trench Safety",Researched
Sunstate Equipment,sunstateequip.com,Buckeye,AZ,USA,YES,YES,YES,YES,NO,YES,NO,NO,"Compressors, Generators, Pumps, Trenchers, Concrete Equipment, Trench Safety",Researched
Sunstate Equipment,sunstateequip.com,Casa Grande,AZ,USA,YES,YES,YES,YES,NO,YES,NO,NO,"Compressors, Generators, Pumps, Trenchers, Concrete Equipment, Trench Safety",Researched
Sunstate Equipment,sunstateequip.com,Deer Valley,AZ,USA,YES,YES,YES,YES,NO,YES,NO,NO,"Compressors, Generators, Pumps, Trenchers, Concrete Equipment, Trench Safety",Researched
Sunstate Equipment,sunstateequip.com,Flagstaff,AZ,USA,YES,YES,YES,YES,NO,YES,NO,NO,"Compressors, Generators, Pumps, Trenchers, Concrete Equipment, Trench Safety",Researched
Sunstate Equipment,sunstateequip.com,Mesa,AZ,USA,YES,YES,YES,YES,NO,YES,NO,NO,"Compressors, Generators, Pumps, Trenchers, Concrete Equipment, Trench Safety",Researched
Sunstate Equipment,sunstateequip.com,Peoria,AZ,USA,YES,YES,YES,YES,NO,YES,NO,NO,"Compressors, Generators, Pumps, Trenchers, Concrete Equipment, Trench Safety",Researched
Sunstate Equipment,sunstateequip.com,Phoenix,AZ,USA,YES,YES,YES,YES,NO,YES,NO,NO,"Compressors, Generators, Pumps, Trenchers, Concrete Equipment, Trench Safety",Researched
Sunstate Equipment,sunstateequip.com,Prescott,AZ,USA,YES,YES,YES,YES,NO,YES,NO,NO,"Compressors, Generators, Pumps, Trenchers, Concrete Equipment, Trench Safety",Researched
Sunstate Equipment,sunstateequip.com,Scottsdale,AZ,USA,YES,YES,YES,YES,NO,YES,NO,NO,"Compressors, Generators, Pumps, Trenchers, Concrete Equipment, Trench Safety",Researched
Sunstate Equipment,sunstateequip.com,Tucson,AZ,USA,YES,YES,YES,YES,NO,YES,NO,NO,"Compressors, Generators, Pumps, Trenchers, Concrete Equipment, Trench Safety",Researched
Sunstate Equipment,sunstateequip.com,Anaheim,CA,USA,YES,YES,YES,YES,NO,YES,NO,NO,"Compressors, Generators, Pumps, Trenchers, Concrete Equipment, Trench Safety",Researched
Sunstate Equipment,sunstateequip.com,Benicia,CA,USA,YES,YES,YES,YES,NO,YES,NO,NO,"Compressors, Generators, Pumps, Trenchers, Concrete Equipment, Trench Safety",Researched
Sunstate Equipment,sunstateequip.com,Burbank,CA,USA,YES,YES,YES,YES,NO,YES,NO,NO,"Compressors, Generators, Pumps, Trenchers, Concrete Equipment, Trench Safety",Researched
Sunstate Equipment,sunstateequip.com,Carson,CA,USA,YES,YES,YES,YES,NO,YES,NO,NO,"Compressors, Generators, Pumps, Trenchers, Concrete Equipment, Trench Safety",Researched
Sunstate Equipment,sunstateequip.com,Colton,CA,USA,YES,YES,YES,YES,NO,YES,NO,NO,"Compressors, Generators, Pumps, Trenchers, Concrete Equipment, Trench Safety",Researched
Sunstate Equipment,sunstateequip.com,El Cajon,CA,USA,YES,YES,YES,YES,NO,YES,NO,NO,"Compressors, Generators, Pumps, Trenchers, Concrete Equipment, Trench Safety",Researched
Sunstate Equipment,sunstateequip.com,Fremont,CA,USA,YES,YES,YES,YES,NO,YES,NO,NO,"Compressors, Generators, Pumps, Trenchers, Concrete Equipment, Trench Safety",Researched
Sunstate Equipment,sunstateequip.com,Montebello,CA,USA,YES,YES,YES,YES,NO,YES,NO,NO,"Compressors, Generators, Pumps, Trenchers, Concrete Equipment, Trench Safety",Researched
Sunstate Equipment,sunstateequip.com,Oakland,CA,USA,YES,YES,YES,YES,NO,YES,NO,NO,"Compressors, Generators, Pumps, Trenchers, Concrete Equipment, Trench Safety",Researched
Sunstate Equipment,sunstateequip.com,Romoland,CA,USA,YES,YES,YES,YES,NO,YES,NO,NO,"Compressors, Generators, Pumps, Trenchers, Concrete Equipment, Trench Safety",Researched
Sunstate Equipment,sunstateequip.com,Roseville,CA,USA,YES,YES,YES,YES,NO,YES,NO,NO,"Compressors, Generators, Pumps, Trenchers, Concrete Equipment, Trench Safety",Researched
Sunstate Equipment,sunstateequip.com,Sacramento,CA,USA,YES,YES,YES,YES,NO,YES,NO,NO,"Compressors, Generators, Pumps, Trenchers, Concrete Equipment, Trench Safety",Researched
Sunstate Equipment,sunstateequip.com,San Diego,CA,USA,YES,YES,YES,YES,NO,YES,NO,NO,"Compressors, Generators, Pumps, Trenchers, Concrete Equipment, Trench Safety",Researched
Sunstate Equipment,sunstateequip.com,San Jose,CA,USA,YES,YES,YES,YES,NO,YES,NO,NO,"Compressors, Generators, Pumps, Trenchers, Concrete Equipment, Trench Safety",Researched
Sunstate Equipment,sunstateequip.com,Stockton,CA,USA,YES,YES,YES,YES,NO,YES,NO,NO,"Compressors, Generators, Pumps, Trenchers, Concrete Equipment, Trench Safety",Researched
Sunstate Equipment,sunstateequip.com,Colorado Springs,CO,USA,YES,YES,YES,YES,NO,YES,NO,NO,"Compressors, Generators, Pumps, Trenchers, Concrete Equipment, Trench Safety",Researched
Sunstate Equipment,sunstateequip.com,Denver,CO,USA,YES,YES,YES,YES,NO,YES,NO,NO,"Compressors, Generators, Pumps, Trenchers, Concrete Equipment, Trench Safety",Researched
Sunstate Equipment,sunstateequip.com,Dove Valley,CO,USA,YES,YES,YES,YES,NO,YES,NO,NO,"Compressors, Generators, Pumps, Trenchers, Concrete Equipment, Trench Safety",Researched
Sunstate Equipment,sunstateequip.com,Fort Collins,CO,USA,YES,YES,YES,YES,NO,YES,NO,NO,"Compressors, Generators, Pumps, Trenchers, Concrete Equipment, Trench Safety",Researched
Sunstate Equipment,sunstateequip.com,Grand Junction,CO,USA,YES,YES,YES,YES,NO,YES,NO,NO,"Compressors, Generators, Pumps, Trenchers, Concrete Equipment, Trench Safety",Researched
Sunstate Equipment,sunstateequip.com,Mead,CO,USA,YES,YES,YES,YES,NO,YES,NO,NO,"Compressors, Generators, Pumps, Trenchers, Concrete Equipment, Trench Safety",Researched
Sunstate Equipment,sunstateequip.com,Pueblo,CO,USA,YES,YES,YES,YES,NO,YES,NO,NO,"Compressors, Generators, Pumps, Trenchers, Concrete Equipment, Trench Safety",Researched
Sunstate Equipment,sunstateequip.com,Bradenton,FL,USA,YES,YES,YES,YES,NO,YES,NO,NO,"Compressors, Generators, Pumps, Trenchers, Concrete Equipment, Trench Safety",Researched
Sunstate Equipment,sunstateequip.com,Jacksonville,FL,USA,YES,YES,YES,YES,NO,YES,NO,NO,"Compressors, Generators, Pumps, Trenchers, Concrete Equipment, Trench Safety",Researched
Sunstate Equipment,sunstateequip.com,Orlando,FL,USA,YES,YES,YES,YES,NO,YES,NO,NO,"Compressors, Generators, Pumps, Trenchers, Concrete Equipment, Trench Safety",Researched
Sunstate Equipment,sunstateequip.com,Tampa,FL,USA,YES,YES,YES,YES,NO,YES,NO,NO,"Compressors, Generators, Pumps, Trenchers, Concrete Equipment, Trench Safety",Researched
Sunstate Equipment,sunstateequip.com,Buford,GA,USA,YES,YES,YES,YES,NO,YES,NO,NO,"Compressors, Generators, Pumps, Trenchers, Concrete Equipment, Trench Safety",Researched
Sunstate Equipment,sunstateequip.com,Conley,GA,USA,YES,YES,YES,YES,NO,YES,NO,NO,"Compressors, Generators, Pumps, Trenchers, Concrete Equipment, Trench Safety",Researched
Sunstate Equipment,sunstateequip.com,Marietta,GA,USA,YES,YES,YES,YES,NO,YES,NO,NO,"Compressors, Generators, Pumps, Trenchers, Concrete Equipment, Trench Safety",Researched
Sunstate Equipment,sunstateequip.com,Baton Rouge,LA,USA,YES,YES,YES,YES,NO,YES,NO,NO,"Compressors, Generators, Pumps, Trenchers, Concrete Equipment, Trench Safety",Researched
Sunstate Equipment,sunstateequip.com,Sulphur,LA,USA,YES,YES,YES,YES,NO,YES,NO,NO,"Compressors, Generators, Pumps, Trenchers, Concrete Equipment, Trench Safety",Researched
Sunstate Equipment,sunstateequip.com,Charlotte,NC,USA,YES,YES,YES,YES,NO,YES,NO,NO,"Compressors, Generators, Pumps, Trenchers, Concrete Equipment, Trench Safety",Researched
Sunstate Equipment,sunstateequip.com,Greensboro,NC,USA,YES,YES,YES,YES,NO,YES,NO,NO,"Compressors, Generators, Pumps, Trenchers, Concrete Equipment, Trench Safety",Researched
Sunstate Equipment,sunstateequip.com,Raleigh,NC,USA,YES,YES,YES,YES,NO,YES,NO,NO,"Compressors, Generators, Pumps, Trenchers, Concrete Equipment, Trench Safety",Researched
Sunstate Equipment,sunstateequip.com,Rio Rancho,NM,USA,YES,YES,YES,YES,NO,YES,NO,NO,"Compressors, Generators, Pumps, Trenchers, Concrete Equipment, Trench Safety",Researched
Sunstate Equipment,sunstateequip.com,Las Vegas,NV,USA,YES,YES,YES,YES,NO,YES,NO,NO,"Compressors, Generators, Pumps, Trenchers, Concrete Equipment, Trench Safety",Researched
Sunstate Equipment,sunstateequip.com,Reno,NV,USA,YES,YES,YES,YES,NO,YES,NO,NO,"Compressors, Generators, Pumps, Trenchers, Concrete Equipment, Trench Safety",Researched
Sunstate Equipment,sunstateequip.com,Oklahoma City,OK,USA,YES,YES,YES,YES,NO,YES,NO,NO,"Compressors, Generators, Pumps, Trenchers, Concrete Equipment, Trench Safety",Researched
Sunstate Equipment,sunstateequip.com,Tulsa,OK,USA,YES,YES,YES,YES,NO,YES,NO,NO,"Compressors, Generators, Pumps, Trenchers, Concrete Equipment, Trench Safety",Researched
Sunstate Equipment,sunstateequip.com,Portland,OR,USA,YES,YES,YES,YES,NO,YES,NO,NO,"Compressors, Generators, Pumps, Trenchers, Concrete Equipment, Trench Safety",Researched
Sunstate Equipment,sunstateequip.com,North Charleston,SC,USA,YES,YES,YES,YES,NO,YES,NO,NO,"Compressors, Generators, Pumps, Trenchers, Concrete Equipment, Trench Safety",Researched
Sunstate Equipment,sunstateequip.com,La Vergne,TN,USA,YES,YES,YES,YES,NO,YES,NO,NO,"Compressors, Generators, Pumps, Trenchers, Concrete Equipment, Trench Safety",Researched
Sunstate Equipment,sunstateequip.com,Memphis,TN,USA,YES,YES,YES,YES,NO,YES,NO,NO,"Compressors, Generators, Pumps, Trenchers, Concrete Equipment, Trench Safety",Researched
Sunstate Equipment,sunstateequip.com,Nashville,TN,USA,YES,YES,YES,YES,NO,YES,NO,NO,"Compressors, Generators, Pumps, Trenchers, Concrete Equipment, Trench Safety",Researched
Sunstate Equipment,sunstateequip.com,Austin,TX,USA,YES,YES,YES,YES,NO,YES,NO,NO,"Compressors, Generators, Pumps, Trenchers, Concrete Equipment, Trench Safety",Researched
Sunstate Equipment,sunstateequip.com,Balch Springs,TX,USA,YES,YES,YES,YES,NO,YES,NO,NO,"Compressors, Generators, Pumps, Trenchers, Concrete Equipment, Trench Safety",Researched
Sunstate Equipment,sunstateequip.com,Beaumont,TX,USA,YES,YES,YES,YES,NO,YES,NO,NO,"Compressors, Generators, Pumps, Trenchers, Concrete Equipment, Trench Safety",Researched
Sunstate Equipment,sunstateequip.com,Bryan,TX,USA,YES,YES,YES,YES,NO,YES,NO,NO,"Compressors, Generators, Pumps, Trenchers, Concrete Equipment, Trench Safety",Researched
Sunstate Equipment,sunstateequip.com,Buda,TX,USA,YES,YES,YES,YES,NO,YES,NO,NO,"Compressors, Generators, Pumps, Trenchers, Concrete Equipment, Trench Safety",Researched
Sunstate Equipment,sunstateequip.com,Carrollton,TX,USA,YES,YES,YES,YES,NO,YES,NO,NO,"Compressors, Generators, Pumps, Trenchers, Concrete Equipment, Trench Safety",Researched
Sunstate Equipment,sunstateequip.com,Conroe,TX,USA,YES,YES,YES,YES,NO,YES,NO,NO,"Compressors, Generators, Pumps, Trenchers, Concrete Equipment, Trench Safety",Researched
Sunstate Equipment,sunstateequip.com,Corpus Christi,TX,USA,YES,YES,YES,YES,NO,YES,NO,NO,"Compressors, Generators, Pumps, Trenchers, Concrete Equipment, Trench Safety",Researched
Sunstate Equipment,sunstateequip.com,Duncanville,TX,USA,YES,YES,YES,YES,NO,YES,NO,NO,"Compressors, Generators, Pumps, Trenchers, Concrete Equipment, Trench Safety",Researched
Sunstate Equipment,sunstateequip.com,El Paso,TX,USA,YES,YES,YES,YES,NO,YES,NO,NO,"Compressors, Generators, Pumps, Trenchers, Concrete Equipment, Trench Safety",Researched
Sunstate Equipment,sunstateequip.com,Fort Worth,TX,USA,YES,YES,YES,YES,NO,YES,NO,NO,"Compressors, Generators, Pumps, Trenchers, Concrete Equipment, Trench Safety",Researched
Sunstate Equipment,sunstateequip.com,Freeport,TX,USA,YES,YES,YES,YES,NO,YES,NO,NO,"Compressors, Generators, Pumps, Trenchers, Concrete Equipment, Trench Safety",Researched
Sunstate Equipment,sunstateequip.com,Friendswood,TX,USA,YES,YES,YES,YES,NO,YES,NO,NO,"Compressors, Generators, Pumps, Trenchers, Concrete Equipment, Trench Safety",Researched
Sunstate Equipment,sunstateequip.com,Houston,TX,USA,YES,YES,YES,YES,NO,YES,NO,NO,"Compressors, Generators, Pumps, Trenchers, Concrete Equipment, Trench Safety",Researched
Sunstate Equipment,sunstateequip.com,Killeen,TX,USA,YES,YES,YES,YES,NO,YES,NO,NO,"Compressors, Generators, Pumps, Trenchers, Concrete Equipment, Trench Safety",Researched
Sunstate Equipment,sunstateequip.com,Krum,TX,USA,YES,YES,YES,YES,NO,YES,NO,NO,"Compressors, Generators, Pumps, Trenchers, Concrete Equipment, Trench Safety",Researched
Sunstate Equipment,sunstateequip.com,La Porte,TX,USA,YES,YES,YES,YES,NO,YES,NO,NO,"Compressors, Generators, Pumps, Trenchers, Concrete Equipment, Trench Safety",Researched
Sunstate Equipment,sunstateequip.com,McKinney,TX,USA,YES,YES,YES,YES,NO,YES,NO,NO,"Compressors, Generators, Pumps, Trenchers, Concrete Equipment, Trench Safety",Researched
Sunstate Equipment,sunstateequip.com,Odessa,TX,USA,YES,YES,YES,YES,NO,YES,NO,NO,"Compressors, Generators, Pumps, Trenchers, Concrete Equipment, Trench Safety",Researched
Sunstate Equipment,sunstateequip.com,Rosenberg,TX,USA,YES,YES,YES,YES,NO,YES,NO,NO,"Compressors, Generators, Pumps, Trenchers, Concrete Equipment, Trench Safety",Researched
Sunstate Equipment,sunstateequip.com,San Antonio,TX,USA,YES,YES,YES,YES,NO,YES,NO,NO,"Compressors, Generators, Pumps, Trenchers, Concrete Equipment, Trench Safety",Researched
Sunstate Equipment,sunstateequip.com,Southlake,TX,USA,YES,YES,YES,YES,NO,YES,NO,NO,"Compressors, Generators, Pumps, Trenchers, Concrete Equipment, Trench Safety",Researched
Sunstate Equipment,sunstateequip.com,Lindon,UT,USA,YES,YES,YES,YES,NO,YES,NO,NO,"Compressors, Generators, Pumps, Trenchers, Concrete Equipment, Trench Safety",Researched
Sunstate Equipment,sunstateequip.com,Ogden,UT,USA,YES,YES,YES,YES,NO,YES,NO,NO,"Compressors, Generators, Pumps, Trenchers, Concrete Equipment, Trench Safety",Researched
Sunstate Equipment,sunstateequip.com,Salt Lake City,UT,USA,YES,YES,YES,YES,NO,YES,NO,NO,"Compressors, Generators, Pumps, Trenchers, Concrete Equipment, Trench Safety",Researched
Sunstate Equipment,sunstateequip.com,Kent,WA,USA,YES,YES,YES,YES,NO,YES,NO,NO,"Compressors, Generators, Pumps, Trenchers, Concrete Equipment, Trench Safety",Researched
Sunstate Equipment,sunstateequip.com,Lakewood,WA,USA,YES,YES,YES,YES,NO,YES,NO,NO,"Compressors, Generators, Pumps, Trenchers, Concrete Equipment, Trench Safety",Researched
Sunstate Equipment,sunstateequip.com,Woodinville,WA,USA,YES,YES,YES,YES,NO,YES,NO,NO,"Compressors, Generators, Pumps, Trenchers, Concrete Equipment, Trench Safety",Researched
Tejas Equipment Rental,tejasequipment.com,McAllen,TX,USA,YES,YES,YES,YES,NO,YES,NO,NO,"Compressors, Generators, Welders, Concrete Equipment, Compactors, Pumps, Lighting",Researched
Tejas Equipment Rental,tejasequipment.com,San Benito,TX,USA,YES,YES,YES,YES,NO,YES,NO,NO,"Compressors, Generators, Welders, Concrete Equipment, Compactors, Pumps, Lighting",Researched
Tejas Equipment Rental,tejasequipment.com,Brownsville,TX,USA,YES,YES,YES,YES,NO,YES,NO,NO,"Compressors, Generators, Welders, Concrete Equipment, Compactors, Pumps, Lighting",Researched
Tejas Equipment Rental,tejasequipment.com,Houston,TX,USA,YES,YES,YES,YES,NO,YES,NO,NO,"Compressors, Generators, Welders, Concrete Equipment, Compactors, Pumps, Lighting",Researched
Tejas Equipment Rental,tejasequipment.com,San Antonio,TX,USA,YES,YES,YES,YES,NO,YES,NO,NO,"Compressors, Generators, Welders, Concrete Equipment, Compactors, Pumps, Lighting",Researched
Tejas Equipment Rental,tejasequipment.com,New Braunfels,TX,USA,YES,YES,YES,YES,NO,YES,NO,NO,"Compressors, Generators, Welders, Concrete Equipment, Compactors, Pumps, Lighting",Researched
Tejas Equipment Rental,tejasequipment.com,San Marcos,TX,USA,YES,YES,YES,YES,NO,YES,NO,NO,"Compressors, Generators, Welders, Concrete Equipment, Compactors, Pumps, Lighting",Researched
Synergy Equipment,synergyequip.com,Dothan,AL,USA,YES,YES,YES,YES,YES,YES,YES,NO,"Compressors, Generators, Backhoes, Compactors, Rollers, Concrete Equipment, Cranes, Trenchers, Tractors, Pumps",Researched
Synergy Equipment,synergyequip.com,Clearwater,FL,USA,YES,YES,YES,YES,YES,YES,YES,NO,"Compressors, Generators, Backhoes, Compactors, Rollers, Concrete Equipment, Cranes, Trenchers, Tractors, Pumps",Researched
Synergy Equipment,synergyequip.com,Cocoa,FL,USA,YES,YES,YES,YES,YES,YES,YES,NO,"Compressors, Generators, Backhoes, Compactors, Rollers, Concrete Equipment, Cranes, Trenchers, Tractors, Pumps",Researched
Synergy Equipment,synergyequip.com,Daytona Beach,FL,USA,YES,YES,YES,YES,YES,YES,YES,NO,"Compressors, Generators, Backhoes, Compactors, Rollers, Concrete Equipment, Cranes, Trenchers, Tractors, Pumps",Researched
Synergy Equipment,synergyequip.com,Doral,FL,USA,YES,YES,YES,YES,YES,YES,YES,NO,"Compressors, Generators, Backhoes, Compactors, Rollers, Concrete Equipment, Cranes, Trenchers, Tractors, Pumps",Researched
Synergy Equipment,synergyequip.com,Fort Myers,FL,USA,YES,YES,YES,YES,YES,YES,YES,NO,"Compressors, Generators, Backhoes, Compactors, Rollers, Concrete Equipment, Cranes, Trenchers, Tractors, Pumps",Researched
Synergy Equipment,synergyequip.com,Jacksonville,FL,USA,YES,YES,YES,YES,YES,YES,YES,NO,"Compressors, Generators, Backhoes, Compactors, Rollers, Concrete Equipment, Cranes, Trenchers, Tractors, Pumps",Researched
Synergy Equipment,synergyequip.com,Kissimmee,FL,USA,YES,YES,YES,YES,YES,YES,YES,NO,"Compressors, Generators, Backhoes, Compactors, Rollers, Concrete Equipment, Cranes, Trenchers, Tractors, Pumps",Researched
Synergy Equipment,synergyequip.com,Lakeland,FL,USA,YES,YES,YES,YES,YES,YES,YES,NO,"Compressors, Generators, Backhoes, Compactors, Rollers, Concrete Equipment, Cranes, Trenchers, Tractors, Pumps",Researched
Synergy Equipment,synergyequip.com,Ocala,FL,USA,YES,YES,YES,YES,YES,YES,YES,NO,"Compressors, Generators, Backhoes, Compactors, Rollers, Concrete Equipment, Cranes, Trenchers, Tractors, Pumps",Researched
Synergy Equipment,synergyequip.com,Orlando,FL,USA,YES,YES,YES,YES,YES,YES,YES,NO,"Compressors, Generators, Backhoes, Compactors, Rollers, Concrete Equipment, Cranes, Trenchers, Tractors, Pumps",Researched
Synergy Equipment,synergyequip.com,Panama City,FL,USA,YES,YES,YES,YES,YES,YES,YES,NO,"Compressors, Generators, Backhoes, Compactors, Rollers, Concrete Equipment, Cranes, Trenchers, Tractors, Pumps",Researched
Synergy Equipment,synergyequip.com,Pompano,FL,USA,YES,YES,YES,YES,YES,YES,YES,NO,"Compressors, Generators, Backhoes, Compactors, Rollers, Concrete Equipment, Cranes, Trenchers, Tractors, Pumps",Researched
Synergy Equipment,synergyequip.com,Sarasota,FL,USA,YES,YES,YES,YES,YES,YES,YES,NO,"Compressors, Generators, Backhoes, Compactors, Rollers, Concrete Equipment, Cranes, Trenchers, Tractors, Pumps",Researched
Synergy Equipment,synergyequip.com,Stuart,FL,USA,YES,YES,YES,YES,YES,YES,YES,NO,"Compressors, Generators, Backhoes, Compactors, Rollers, Concrete Equipment, Cranes, Trenchers, Tractors, Pumps",Researched
Synergy Equipment,synergyequip.com,Tampa,FL,USA,YES,YES,YES,YES,YES,YES,YES,NO,"Compressors, Generators, Backhoes, Compactors, Rollers, Concrete Equipment, Cranes, Trenchers, Tractors, Pumps",Researched
Synergy Equipment,synergyequip.com,Byron,GA,USA,YES,YES,YES,YES,YES,YES,YES,NO,"Compressors, Generators, Backhoes, Compactors, Rollers, Concrete Equipment, Cranes, Trenchers, Tractors, Pumps",Researched
Synergy Equipment,synergyequip.com,Forest Park,GA,USA,YES,YES,YES,YES,YES,YES,YES,NO,"Compressors, Generators, Backhoes, Compactors, Rollers, Concrete Equipment, Cranes, Trenchers, Tractors, Pumps",Researched
Synergy Equipment,synergyequip.com,Garden City,GA,USA,YES,YES,YES,YES,YES,YES,YES,NO,"Compressors, Generators, Backhoes, Compactors, Rollers, Concrete Equipment, Cranes, Trenchers, Tractors, Pumps",Researched
Synergy Equipment,synergyequip.com,Kennesaw,GA,USA,YES,YES,YES,YES,YES,YES,YES,NO,"Compressors, Generators, Backhoes, Compactors, Rollers, Concrete Equipment, Cranes, Trenchers, Tractors, Pumps",Researched
Synergy Equipment,synergyequip.com,Lawrenceville,GA,USA,YES,YES,YES,YES,YES,YES,YES,NO,"Compressors, Generators, Backhoes, Compactors, Rollers, Concrete Equipment, Cranes, Trenchers, Tractors, Pumps",Researched
Synergy Equipment,synergyequip.com,Nashville,TN,USA,YES,YES,YES,YES,YES,YES,YES,NO,"Compressors, Generators, Backhoes, Compactors, Rollers, Concrete Equipment, Cranes, Trenchers, Tractors, Pumps",Researched
Synergy Equipment,synergyequip.com,Goodlettsville,TN,USA,YES,YES,YES,YES,YES,YES,YES,NO,"Compressors, Generators, Backhoes, Compactors, Rollers, Concrete Equipment, Cranes, Trenchers, Tractors, Pumps",Researched
Synergy Equipment,synergyequip.com,Buda,TX,USA,YES,YES,YES,YES,YES,YES,YES,NO,"Compressors, Generators, Backhoes, Compactors, Rollers, Concrete Equipment, Cranes, Trenchers, Tractors, Pumps",Researched
Synergy Equipment,synergyequip.com,Baytown,TX,USA,YES,YES,YES,YES,YES,YES,YES,NO,"Compressors, Generators, Backhoes, Compactors, Rollers, Concrete Equipment, Cranes, Trenchers, Tractors, Pumps",Researched
Synergy Equipment,synergyequip.com,Bryan,TX,USA,YES,YES,YES,YES,YES,YES,YES,NO,"Compressors, Generators, Backhoes, Compactors, Rollers, Concrete Equipment, Cranes, Trenchers, Tractors, Pumps",Researched
Synergy Equipment,synergyequip.com,Hutchins,TX,USA,YES,YES,YES,YES,YES,YES,YES,NO,"Compressors, Generators, Backhoes, Compactors, Rollers, Concrete Equipment, Cranes, Trenchers, Tractors, Pumps",Researched
Synergy Equipment,synergyequip.com,Melissa,TX,USA,YES,YES,YES,YES,YES,YES,YES,NO,"Compressors, Generators, Backhoes, Compactors, Rollers, Concrete Equipment, Cranes, Trenchers, Tractors, Pumps",Researched
Synergy Equipment,synergyequip.com,Houston,TX,USA,YES,YES,YES,YES,YES,YES,YES,NO,"Compressors, Generators, Backhoes, Compactors, Rollers, Concrete Equipment, Cranes, Trenchers, Tractors, Pumps",Researched
Synergy Equipment,synergyequip.com,New Braunfels,TX,USA,YES,YES,YES,YES,YES,YES,YES,NO,"Compressors, Generators, Backhoes, Compactors, Rollers, Concrete Equipment, Cranes, Trenchers, Tractors, Pumps",Researched
Synergy Equipment,synergyequip.com,Schertz,TX,USA,YES,YES,YES,YES,YES,YES,YES,NO,"Compressors, Generators, Backhoes, Compactors, Rollers, Concrete Equipment, Cranes, Trenchers, Tractors, Pumps",Researched
Leppo Rents,lepporents.com,Perry,OH,USA,YES,YES,YES,YES,NO,YES,YES,YES,"Bobcat Equipment, JLG Lifts",Researched
Leppo Rents,lepporents.com,Girard,OH,USA,YES,YES,YES,YES,NO,YES,YES,YES,"Bobcat Equipment, JLG Lifts",Researched
Leppo Rents,lepporents.com,Bedford Heights,OH,USA,YES,YES,YES,YES,NO,YES,YES,YES,"Bobcat Equipment, JLG Lifts",Researched
Leppo Rents,lepporents.com,North Ridgeville,OH,USA,YES,YES,YES,YES,NO,YES,YES,YES,"Bobcat Equipment, JLG Lifts",Researched
Leppo Rents,lepporents.com,Tallmadge,OH,USA,YES,YES,YES,YES,NO,YES,YES,YES,"Bobcat Equipment, JLG Lifts",Researched
Leppo Rents,lepporents.com,Medina,OH,USA,YES,YES,YES,YES,NO,YES,YES,YES,"Bobcat Equipment, JLG Lifts",Researched
Leppo Rents,lepporents.com,Canton,OH,USA,YES,YES,YES,YES,NO,YES,YES,YES,"Bobcat Equipment, JLG Lifts",Researched
Leppo Rents,lepporents.com,Wooster,OH,USA,YES,YES,YES,YES,NO,YES,YES,YES,"Bobcat Equipment, JLG Lifts",Researched
Leppo Rents,lepporents.com,Opelika,AL,USA,YES,YES,YES,YES,NO,YES,YES,YES,"Bobcat Equipment, JLG Lifts",Researched
Leppo Rents,lepporents.com,Dothan,AL,USA,YES,YES,YES,YES,NO,YES,YES,YES,"Bobcat Equipment, JLG Lifts",Researched
Leppo Rents,lepporents.com,Jacksonville,FL,USA,YES,YES,YES,YES,NO,YES,YES,YES,"Bobcat Equipment, JLG Lifts",Researched
Leppo Rents,lepporents.com,Midway,FL,USA,YES,YES,YES,YES,NO,YES,YES,YES,"Bobcat Equipment, JLG Lifts",Researched
Leppo Rents,lepporents.com,Panama City,FL,USA,YES,YES,YES,YES,NO,YES,YES,YES,"Bobcat Equipment, JLG Lifts",Researched
Leppo Rents,lepporents.com,Ocala,FL,USA,YES,YES,YES,YES,NO,YES,YES,YES,"Bobcat Equipment, JLG Lifts",Researched
Arapahoe Rental,arapahoerental.com,Littleton,CO,USA,YES,YES,YES,YES,NO,YES,YES,NO,"Compressors, Generators, Compaction, Concrete Equipment, Trailers",Researched
Arapahoe Rental,arapahoerental.com,Windsor,CO,USA,YES,YES,YES,YES,NO,YES,YES,NO,"Compressors, Generators, Compaction, Concrete Equipment, Trailers",Researched
Arapahoe Rental,arapahoerental.com,Loveland,CO,USA,YES,YES,YES,YES,NO,YES,YES,NO,"Compressors, Generators, Compaction, Concrete Equipment, Trailers",Researched
Arapahoe Rental,arapahoerental.com,Berthoud,CO,USA,YES,YES,YES,YES,NO,YES,YES,NO,"Compressors, Generators, Compaction, Concrete Equipment, Trailers",Researched
Arapahoe Rental,arapahoerental.com,Englewood,CO,USA,YES,YES,YES,YES,NO,YES,YES,NO,"Compressors, Generators, Compaction, Concrete Equipment, Trailers",Researched
Arapahoe Rental,arapahoerental.com,Fort Collins,CO,USA,YES,YES,YES,YES,NO,YES,YES,NO,"Compressors, Generators, Compaction, Concrete Equipment, Trailers",Researched
Arapahoe Rental,arapahoerental.com,Lakewood,CO,USA,YES,YES,YES,YES,NO,YES,YES,NO,"Compressors, Generators, Compaction, Concrete Equipment, Trailers",Researched
Arapahoe Rental,arapahoerental.com,Cheyenne,WY,USA,YES,YES,YES,YES,NO,YES,YES,NO,"Compressors, Generators, Compaction, Concrete Equipment, Trailers",Researched
National Lift of Arkansas,nationalliftofarkansas.com,Springdale,AR,USA,YES,YES,NO,NO,NO,NO,NO,NO,Aerial Lifts,From Supplier List
Bobcat of York (Crownstone Equipment),bobcatofyorkcrownstoneequipment.com,Frederick,MD,USA,YES,YES,NO,YES,NO,YES,YES,YES,"Bobcat Equipment, Compact Equipment",From Supplier List
Select Total Service,selecttotalservice.com,Thorold,ON,CAN,NO,NO,NO,NO,NO,NO,NO,NO,Needs Verification,From Supplier List
Area Rentals Inc,arearentalsinc.com,Hillside,NJ,USA,YES,YES,YES,YES,NO,YES,YES,NO,General Equipment Rental,From Supplier List
Nice Guy Heavy Equipment Rentals,niceguyheavyequipmentrentals.com,New Tecumseth,ON,CAN,YES,YES,YES,YES,NO,YES,YES,NO,General Equipment Rental,From Supplier List
101 Equipment Rentals,101equipmentrentals.com,Santa Rosa,CA,USA,YES,YES,YES,YES,NO,YES,YES,NO,General Equipment Rental,From Supplier List
Sam Equipment Rental & Sales,samequipmentrentalsales.com,Coxheath,NS,CAN,YES,YES,YES,YES,NO,YES,YES,NO,General Equipment Rental,From Supplier List
Equipment Depot,equipmentdepot.com,Louisville,KY,USA,YES,YES,YES,YES,NO,YES,YES,NO,General Equipment Rental,From Supplier List
Milam Rental LLC,milamrentalllc.com,Sutherlin,VA,USA,YES,YES,YES,YES,NO,YES,YES,NO,General Equipment Rental,From Supplier List
Best Line Equipment,bestlineequipment.com,Mechanicsburg,PA,USA,YES,YES,YES,YES,NO,YES,YES,NO,General Equipment Rental,From Supplier List
Strobel's Rentals,strobelsrentals.com,East Side Great Falls,MT,USA,YES,YES,YES,YES,NO,YES,YES,NO,General Equipment Rental,From Supplier List
The Rental Hub,therentalhub.com,Wytheville,VA,USA,YES,YES,YES,YES,NO,YES,YES,NO,General Equipment Rental,From Supplier List
NAM Rentals,namrentals.com,Toronto,ON,CAN,YES,YES,YES,YES,NO,YES,YES,NO,General Equipment Rental,From Supplier List
Border Equipment (Bobcat of Augusta),borderequipmentbobcatofaugusta.com,Augusta,GA,USA,YES,YES,NO,YES,NO,YES,YES,YES,"Bobcat Equipment, Compact Equipment",From Supplier List
Rental Pro,rentalpro.com,Richmond,KY,USA,YES,YES,YES,YES,NO,YES,YES,NO,General Equipment Rental,From Supplier List
Conway Rental Centre,conwayrentalcentre.com,Conway,SC,USA,YES,YES,YES,YES,NO,YES,YES,NO,General Equipment Rental,From Supplier List
JAC Rentals,jacrentals.com,Beaumont,TX,USA,YES,YES,YES,YES,NO,YES,YES,NO,General Equipment Rental,From Supplier List
Bobcat of Brantford,bobcatofbrantford.com,Brantford,ON,CAN,YES,YES,NO,YES,NO,YES,YES,YES,"Bobcat Equipment, Compact Equipment",From Supplier List
Atlas Toyota Material Handling,atlastoyotamaterialhandling.com,Brooklyn Park,MN,USA,NO,NO,YES,NO,NO,NO,NO,YES,"Forklifts, Material Handling",From Supplier List
Pioneer Equipment Company,pioneerequipmentcompany.com,Jacksonville,FL,USA,YES,YES,YES,YES,NO,YES,YES,NO,General Equipment Rental,From Supplier List
Maynard Brubacher,maynardbrubacher.com,Wallenstein,ON,CAN,NO,NO,NO,NO,NO,NO,NO,NO,Needs Verification,From Supplier List
Illinois Lift Equipment,illinoisliftequipment.com,Cary,IL,USA,YES,YES,NO,NO,NO,NO,NO,NO,Aerial Lifts,From Supplier List
J&J Equipment Rentals,jjequipmentrentals.com,Caledon East,ON,CAN,YES,YES,YES,YES,NO,YES,YES,NO,General Equipment Rental,From Supplier List
Worldwide Forklifts,worldwideforklifts.com,Fort Lauderdale,FL,USA,NO,NO,YES,NO,NO,NO,NO,YES,"Forklifts, Material Handling",From Supplier List
CONEQ Rentals,coneqrentals.com,Woodbridge,ON,CAN,YES,YES,YES,YES,NO,YES,YES,NO,General Equipment Rental,From Supplier List
Stoney Creek Equipment Rentals,stoneycreekequipmentrentals.com,Hamilton,ON,CAN,YES,YES,YES,YES,NO,YES,YES,NO,General Equipment Rental,From Supplier List
Lift X Rentals,liftxrentals.com,Palmetto,FL,USA,YES,YES,NO,NO,NO,NO,NO,NO,Aerial Lifts,From Supplier List
Dominic's Equipment Rental,dominicsequipmentrental.com,Monroe,PA,USA,YES,YES,YES,YES,NO,YES,YES,NO,General Equipment Rental,From Supplier List
Skyblack Rentals,skyblackrentals.com,Houston,TX,USA,YES,YES,YES,YES,NO,YES,YES,NO,General Equipment Rental,From Supplier List
Summit Toyotalift,summittoyotalift.com,North Haven,CT,USA,NO,NO,YES,NO,NO,NO,NO,YES,"Forklifts, Material Handling",From Supplier List
Aerial Plus,aerialplus.com,Burlington,ON,CAN,YES,YES,NO,NO,NO,NO,NO,NO,Aerial Lifts,From Supplier List
Northside Tool Rental,northsidetoolrental.com,Buckhead (Atlanta),GA,USA,YES,YES,YES,YES,NO,YES,YES,NO,General Equipment Rental,From Supplier List
Continental Lift Truck,continentallifttruck.com,New York,NY,USA,NO,NO,YES,NO,NO,NO,NO,YES,"Forklifts, Material Handling",From Supplier List
UpLift Equipment Rentals,upliftequipmentrentals.com,Medley,Fl,USA,YES,YES,NO,NO,NO,NO,NO,NO,Aerial Lifts,From Supplier List
Superior Equipment Rental,superiorequipmentrental.com,Wilmington,DE,USA,YES,YES,YES,YES,NO,YES,YES,NO,General Equipment Rental,From Supplier List
Silver Line Supply LLC,silverlinesupplyllc.com,Ponder,TX,USA,NO,NO,NO,NO,NO,NO,NO,NO,Needs Verification,From Supplier List
Carolina Industrial Trucks,carolinaindustrialtrucks.com,Charlotte,NC,USA,NO,NO,NO,NO,NO,NO,NO,NO,Needs Verification,From Supplier List
All Pro Lift and Equipment LLC,allproliftandequipmentllc.com,Phoenix,AZ,USA,YES,YES,NO,NO,NO,NO,NO,NO,Aerial Lifts,From Supplier List
Hive Rentals & Co,hiverentalsco.com,Caldwell,TX,USA,YES,YES,YES,YES,NO,YES,YES,NO,General Equipment Rental,From Supplier List
Ecco Equipment Corporation,eccoequipmentcorporation.com,Visalia,CA,USA,YES,YES,YES,YES,NO,YES,YES,NO,General Equipment Rental,From Supplier List
High Reach 2,highreach2.com,Deerfield,FL,USA,YES,YES,NO,NO,NO,NO,NO,NO,Aerial Lifts,From Supplier List
Thompson & Johnson Equipment Co.,thompsonjohnsonequipmentco.com,East Syracuse,NY,USA,YES,YES,YES,YES,NO,YES,YES,NO,General Equipment Rental,From Supplier List
Eastern Tennessee Rent-Alls,easterntennesseerentalls.com,Johnson City,TN,USA,YES,YES,YES,YES,NO,YES,YES,NO,General Equipment Rental,From Supplier List
Equipment Depot,equipmentdepot.com,Waco,TX,USA,YES,YES,YES,YES,NO,YES,YES,NO,General Equipment Rental,From Supplier List
Rental Solutions and Events LLC,rentalsolutionsandeventsllc.com,Sykesville,MD,USA,YES,YES,YES,YES,NO,YES,YES,NO,General Equipment Rental,From Supplier List
Need a Lift Rentals,needaliftrentals.com,Fort Lauderdale,FL,USA,YES,YES,NO,NO,NO,NO,NO,NO,Aerial Lifts,From Supplier List
Industry Lift Inc,industryliftinc.com,Industry,CA,USA,YES,YES,NO,NO,NO,NO,NO,NO,Aerial Lifts,From Supplier List
JGR Equipment Sales & Rental,jgrequipmentsalesrental.com,Richmond,VA,USA,YES,YES,YES,YES,NO,YES,YES,NO,General Equipment Rental,From Supplier List
Great Rate Rentals,greatraterentals.com,South Windsor,CT,USA,YES,YES,YES,YES,NO,YES,YES,NO,General Equipment Rental,From Supplier List
U-Rent It Sales & Service,urentitsalesservice.com,Rockwall,TX,USA,YES,YES,YES,YES,NO,YES,YES,NO,General Equipment Rental,From Supplier List
Mcleary Lift Equipment,mclearyliftequipment.com,Brampton,ON,CAN,YES,YES,NO,NO,NO,NO,NO,NO,Aerial Lifts,From Supplier List
Ecco Equipment Corporation,eccoequipmentcorporation.com,Phoenix,AZ,USA,YES,YES,YES,YES,NO,YES,YES,NO,General Equipment Rental,From Supplier List
Nors,nors.com,Vancouver,BC,CAN,NO,NO,NO,NO,NO,NO,NO,NO,Needs Verification,From Supplier List
General Rent-All,generalrentall.com,Massillon,OH,USA,YES,YES,YES,YES,NO,YES,YES,NO,General Equipment Rental,From Supplier List
Elite Equipment Rental,eliteequipmentrental.com,Lebanon,OR,USA,YES,YES,YES,YES,NO,YES,YES,NO,General Equipment Rental,From Supplier List
Equipment Depot,equipmentdepot.com,Dallas,TX,USA,YES,YES,YES,YES,NO,YES,YES,NO,General Equipment Rental,From Supplier List
Jamco,jamco.com,Plant City,FL,USA,NO,NO,NO,NO,NO,NO,NO,NO,Needs Verification,From Supplier List
Bobcat Plus,bobcatplus.com,Butler,WI,USA,YES,YES,NO,YES,NO,YES,YES,YES,"Bobcat Equipment, Compact Equipment",From Supplier List
Black Oak Equipment Rental,blackoakequipmentrental.com,Sumter,SC,USA,YES,YES,YES,YES,NO,YES,YES,NO,General Equipment Rental,From Supplier List
Lybroco Rentals,lybrocorentals.com,Edmonton,AB,CAN,YES,YES,YES,YES,NO,YES,YES,NO,General Equipment Rental,From Supplier List
Powertrip Rentals,powertriprentals.com,Signal Hill,CA,USA,YES,YES,YES,YES,NO,YES,YES,NO,General Equipment Rental,From Supplier List
Lift Truck Supply,lifttrucksupply.com,Tyler,TX,USA,NO,NO,YES,NO,NO,NO,NO,YES,"Forklifts, Material Handling",From Supplier List
Rental Guys,rentalguys.com,Orangevale,CA,USA,YES,YES,YES,YES,NO,YES,YES,NO,General Equipment Rental,From Supplier List
Border Equipment,borderequipment.com,Atlanta,GA,USA,YES,YES,YES,YES,NO,YES,YES,NO,General Equipment Rental,From Supplier List
Rent Equip,rentequip.com,Austin,TX,USA,YES,YES,YES,YES,NO,YES,YES,NO,General Equipment Rental,From Supplier List
Briggs Equipment,briggsequipment.com,Miami,FL,USA,YES,YES,YES,YES,NO,YES,YES,NO,General Equipment Rental,From Supplier List
ATS Equipment,atsequipment.com,Rehoboth,MA,USA,YES,YES,YES,YES,NO,YES,YES,NO,General Equipment Rental,From Supplier List
Western States Cat,westernstatescat.com,Meridian,ID,USA,YES,YES,YES,YES,YES,YES,YES,YES,Full Line Cat Equipment,From Supplier List
Robin Rents,robinrents.com,Huntsville (North),AL,USA,YES,YES,YES,YES,NO,YES,YES,NO,General Equipment Rental,From Supplier List
MD Rental,mdrental.com,Alfred,ME,USA,YES,YES,YES,YES,NO,YES,YES,NO,General Equipment Rental,From Supplier List
H&K EQUIPMENT INC,hkequipmentinc.com,CORAOPOLIS,PA,USA,YES,YES,YES,YES,NO,YES,YES,NO,General Equipment Rental,From Supplier List
Ready Equipment Rental,readyequipmentrental.com,San Bernardino,CA,USA,YES,YES,YES,YES,NO,YES,YES,NO,General Equipment Rental,From Supplier List
Cowin Equipment Company Inc.,cowinequipmentcompanyinc.com,Birmingham,AL,USA,YES,YES,YES,YES,NO,YES,YES,NO,General Equipment Rental,From Supplier List
Frank's Supply Company,frankssupplycompany.com,El Paso,TX,USA,NO,NO,NO,NO,NO,NO,NO,NO,Needs Verification,From Supplier List
Durants Tool Rentals,durantstoolrentals.com,New Windsor,NY,USA,YES,YES,YES,YES,NO,YES,YES,NO,General Equipment Rental,From Supplier List
Discount Forklift,discountforklift.com,Dallas Fort Worth,TX,USA,NO,NO,YES,NO,NO,NO,NO,YES,"Forklifts, Material Handling",From Supplier List
G&W Equipment,gwequipment.com,Charleston,SC,USA,YES,YES,YES,YES,NO,YES,YES,NO,General Equipment Rental,From Supplier List
NG Equipment Sales,ngequipmentsales.com,Phoenix,AZ,USA,YES,YES,YES,YES,NO,YES,YES,NO,General Equipment Rental,From Supplier List
Blakley Equipment Inc,blakleyequipmentinc.com,Mount Vernon,NY,USA,YES,YES,YES,YES,NO,YES,YES,NO,General Equipment Rental,From Supplier List
Central Power of St Louis MO,centralpowerofstlouismo.com,Maryland Heights,MO,USA,NO,NO,NO,NO,NO,NO,NO,NO,Needs Verification,From Supplier List
TEC Equipment Rental,tecequipmentrental.com,Orangeburg,SC,USA,YES,YES,YES,YES,NO,YES,YES,NO,General Equipment Rental,From Supplier List
Art's Rental Equipment & Supply,artsrentalequipmentsupply.com,Sharonville,OH,USA,YES,YES,YES,YES,NO,YES,YES,NO,General Equipment Rental,From Supplier List
South Florida Equipment Rentals,southfloridaequipmentrentals.com,West Palm Beach,FL,USA,YES,YES,YES,YES,NO,YES,YES,NO,General Equipment Rental,From Supplier List
V-Bar Equipment,vbarequipment.com,Abilene,TX,USA,YES,YES,YES,YES,NO,YES,YES,NO,General Equipment Rental,From Supplier List
Defatte Equipment Rentals,defatteequipmentrentals.com,Ukiah,CA,USA,YES,YES,YES,YES,NO,YES,YES,NO,General Equipment Rental,From Supplier List
Atmosphere Rental Inc,atmosphererentalinc.com,Cambridge,ON,CAN,YES,YES,YES,YES,NO,YES,YES,NO,General Equipment Rental,From Supplier List
Oak Grove Rentals,oakgroverentals.com,Oak Grove,MO,USA,YES,YES,YES,YES,NO,YES,YES,NO,General Equipment Rental,From Supplier List
Rapid Rentals,rapidrentals.com,Castaic,CA,USA,YES,YES,YES,YES,NO,YES,YES,NO,General Equipment Rental,From Supplier List
Best Rental Centers Inc,bestrentalcentersinc.com,Altamonte Springs,FL,USA,YES,YES,YES,YES,NO,YES,YES,NO,General Equipment Rental,From Supplier List
LGP Equipment Rentals,lgpequipmentrentals.com,Bell Gardens,CA,USA,YES,YES,YES,YES,NO,YES,YES,NO,General Equipment Rental,From Supplier List
RP Rents,rprents.com,Naperville,IL,USA,YES,YES,YES,YES,NO,YES,YES,NO,General Equipment Rental,From Supplier List
Carolina Containers & Transport,carolinacontainerstransport.com,Raleigh,NC,USA,NO,NO,NO,NO,NO,NO,NO,NO,Needs Verification,From Supplier List
Bobcat of Toronto,bobcatoftoronto.com,Brampton,ON,CAN,YES,YES,NO,YES,NO,YES,YES,YES,"Bobcat Equipment, Compact Equipment",From Supplier List
Naumann Hobbs Material Handling,naumannhobbsmaterialhandling.com,Las Vegas,NV,USA,NO,NO,YES,NO,NO,NO,NO,YES,"Forklifts, Material Handling",From Supplier List
Rent Rite,rentrite.com,Alma,MI,USA,YES,YES,YES,YES,NO,YES,YES,NO,General Equipment Rental,From Supplier List
Superior Forklift Repair Inc.,superiorforkliftrepairinc.com,Fitchburg,MA,USA,NO,NO,YES,NO,NO,NO,NO,YES,"Forklifts, Material Handling",From Supplier List
Trinity Equipment Rentals,trinityequipmentrentals.com,Colton,CA,USA,YES,YES,YES,YES,NO,YES,YES,NO,General Equipment Rental,From Supplier List
Carter Cat,cartercat.com,Sterling,VA,USA,YES,YES,YES,YES,YES,YES,YES,YES,Full Line Cat Equipment,From Supplier List
Alpha Equipment Services,alphaequipmentservices.com,Lakeland,FL,USA,YES,YES,YES,YES,NO,YES,YES,NO,General Equipment Rental,From Supplier List
Discount Forklift,discountforklift.com,Las Vegas,NV,USA,NO,NO,YES,NO,NO,NO,NO,YES,"Forklifts, Material Handling",From Supplier List
Empire Tool Rental,empiretoolrental.com,Bronx,NY,USA,YES,YES,YES,YES,NO,YES,YES,NO,General Equipment Rental,From Supplier List
Palm Beach Lift Trucks Inc,palmbeachlifttrucksinc.com,Delray Beach,FL,USA,NO,NO,YES,NO,NO,NO,NO,YES,"Forklifts, Material Handling",From Supplier List
Barrie Rent-All Inc,barrierentallinc.com,Barrie,ON,CAN,YES,YES,YES,YES,NO,YES,YES,NO,General Equipment Rental,From Supplier List
Palm Beach Equipment Rentals,palmbeachequipmentrentals.com,Delray Beach,FL,USA,YES,YES,YES,YES,NO,YES,YES,NO,General Equipment Rental,From Supplier List
Diamond Back Rentals,diamondbackrentals.com,Conroe,TX,USA,YES,YES,YES,YES,NO,YES,YES,NO,General Equipment Rental,From Supplier List
"Roper, Inc.",roperinc.com,Odessa,TX,USA,NO,NO,NO,NO,NO,NO,NO,NO,Needs Verification,From Supplier List
Dickie Moore Rentals,dickiemoorerentals.com,Ottawa,ON,CAN,YES,YES,YES,YES,NO,YES,YES,NO,General Equipment Rental,From Supplier List
Rental Guys,rentalguys.com,Reno,NV,USA,YES,YES,YES,YES,NO,YES,YES,NO,General Equipment Rental,From Supplier List
Stewart & Stevenson,stewartstevenson.com,Houston,TX,USA,NO,NO,NO,NO,NO,NO,NO,NO,Needs Verification,From Supplier List
HireQuip,hirequip.com,Houston,TX,USA,YES,YES,YES,YES,NO,YES,YES,NO,General Equipment Rental,From Supplier List
Leavitt Machinery,leavittmachinery.com,Phoenix,AZ,USA,NO,NO,NO,NO,NO,NO,NO,NO,Needs Verification,From Supplier List
Astro Rents,astrorents.com,North Plainfield,NJ,USA,YES,YES,YES,YES,NO,YES,YES,NO,General Equipment Rental,From Supplier List
Best Rental Services Inc,bestrentalservicesinc.com,Vaughan,ON,CAN,YES,YES,YES,YES,NO,YES,YES,NO,General Equipment Rental,From Supplier List
Jesco Inc.,jescoinc.com,Fairfield,NJ,USA,NO,NO,NO,NO,NO,NO,NO,NO,Needs Verification,From Supplier List
C & B Material Handling,cbmaterialhandling.com,St Rose,LA,USA,NO,NO,YES,NO,NO,NO,NO,YES,"Forklifts, Material Handling",From Supplier List
Forklifts of Minnesota Inc,forkliftsofminnesotainc.com,Bloomington,MN,USA,NO,NO,YES,NO,NO,NO,NO,YES,"Forklifts, Material Handling",From Supplier List
Stine Equipment,stineequipment.com,Austin,TX,USA,YES,YES,YES,YES,NO,YES,YES,NO,General Equipment Rental,From Supplier List
Premier Equipment Rentals Inc,premierequipmentrentalsinc.com,Midland,TX,USA,YES,YES,YES,YES,NO,YES,YES,NO,General Equipment Rental,From Supplier List
Herc-U-Lift Inc,herculiftinc.com,Maple Plain,MN,USA,YES,YES,NO,NO,NO,NO,NO,NO,Aerial Lifts,From Supplier List
Empire Tool Rental,empiretoolrental.com,Pompano Beach,FL,USA,YES,YES,YES,YES,NO,YES,YES,NO,General Equipment Rental,From Supplier List
W.D. Matthews Machinery Co,wdmatthewsmachineryco.com,Auburn,ME,USA,NO,NO,NO,NO,NO,NO,NO,NO,Needs Verification,From Supplier List
Eldorado Forklift Co,eldoradoforkliftco.com,Redwood City,CA,USA,NO,NO,YES,NO,NO,NO,NO,YES,"Forklifts, Material Handling",From Supplier List
Eastern Highreach Company Inc.,easternhighreachcompanyinc.com,Horsham,PA,USA,YES,YES,NO,NO,NO,NO,NO,NO,Aerial Lifts,From Supplier List
AAA Rentals,aaarentals.com,Redwood City,CA,USA,YES,YES,YES,YES,NO,YES,YES,NO,General Equipment Rental,From Supplier List
Fraza,fraza.com,Canton,MI,USA,NO,NO,NO,NO,NO,NO,NO,NO,Needs Verification,From Supplier List
Westside Equipment LLC,westsideequipmentllc.com,Tolleson,AZ,USA,YES,YES,YES,YES,NO,YES,YES,NO,General Equipment Rental,From Supplier List
Frank's Supply Company,frankssupplycompany.com,Los Alamos,NM,USA,NO,NO,NO,NO,NO,NO,NO,NO,Needs Verification,From Supplier List
CSI Scissor Lift Rentals,csiscissorliftrentals.com,Cypress,TX,USA,YES,YES,NO,NO,NO,NO,NO,NO,Aerial Lifts,From Supplier List
Leavitt Machinery,leavittmachinery.com,Belle River,ON,CAN,NO,NO,NO,NO,NO,NO,NO,NO,Needs Verification,From Supplier List
Longhorn Equipment & Supply,longhornequipmentsupply.com,San Angelo,TX,USA,YES,YES,YES,YES,NO,YES,YES,NO,General Equipment Rental,From Supplier List
Bulletproof Rentals,bulletproofrentals.com,Loganville,GA,USA,YES,YES,YES,YES,NO,YES,YES,NO,General Equipment Rental,From Supplier List
Taylor Northeast,taylornortheast.com,Baltimore,MD,USA,NO,NO,NO,NO,NO,NO,NO,NO,Needs Verification,From Supplier List
Beach City Lift,beachcitylift.com,Phoenix,AZ,USA,YES,YES,NO,NO,NO,NO,NO,NO,Aerial Lifts,From Supplier List
AIS Construction Equipment Corp,aisconstructionequipmentcorp.com,New Hudson (West Detroit),MI,USA,YES,YES,YES,YES,NO,YES,YES,NO,General Equipment Rental,From Supplier List
Rent City of Altus Inc,rentcityofaltusinc.com,Atlus,OK,USA,YES,YES,YES,YES,NO,YES,YES,NO,General Equipment Rental,From Supplier List
Leavitt Machinery,leavittmachinery.com,Brampton,ON,CAN,NO,NO,NO,NO,NO,NO,NO,NO,Needs Verification,From Supplier List
LAX Equipment Inc,laxequipmentinc.com,Inglewood,CA,USA,YES,YES,YES,YES,NO,YES,YES,NO,General Equipment Rental,From Supplier List
Duron Equipment (Bobcat of Winnipeg),duronequipmentbobcatofwinnipeg.com,Winnipeg,MB,CAN,YES,YES,NO,YES,NO,YES,YES,YES,"Bobcat Equipment, Compact Equipment",From Supplier List
Sun Coast Rentals,suncoastrentals.com,Carpinteria,CA,USA,YES,YES,YES,YES,NO,YES,YES,NO,General Equipment Rental,From Supplier List
Darr Equipment Co.,darrequipmentco.com,Oklahoma City,OK,USA,YES,YES,YES,YES,NO,YES,YES,NO,General Equipment Rental,From Supplier List
Rental Stop,rentalstop.com,Grande Prairie,TX,USA,YES,YES,YES,YES,NO,YES,YES,NO,General Equipment Rental,From Supplier List
Leavitt Machinery,leavittmachinery.com,Cambridge,ON,CAN,NO,NO,NO,NO,NO,NO,NO,NO,Needs Verification,From Supplier List
Gerken Rent-All,gerkenrentall.com,Kansas City,KS,USA,YES,YES,YES,YES,NO,YES,YES,NO,General Equipment Rental,From Supplier List
Tri-Lift Inc,triliftinc.com,Hamden,CT,USA,YES,YES,NO,NO,NO,NO,NO,NO,Aerial Lifts,From Supplier List
EZ Equipment Rental,ezequipmentrental.com,Dallas,TX,USA,YES,YES,YES,YES,NO,YES,YES,NO,General Equipment Rental,From Supplier List
The Equipment Source,theequipmentsource.com,Naples,FL,USA,YES,YES,YES,YES,NO,YES,YES,NO,General Equipment Rental,From Supplier List
BAM Rents,bamrents.com,Indianapolis,IN,USA,YES,YES,YES,YES,NO,YES,YES,NO,General Equipment Rental,From Supplier List
Pro Rentals & Sales,prorentalssales.com,Moses Lake,WA,USA,YES,YES,YES,YES,NO,YES,YES,NO,General Equipment Rental,From Supplier List
Bulldog Equipment Rental & Supply,bulldogequipmentrentalsupply.com,Clearwater,FL,USA,YES,YES,YES,YES,NO,YES,YES,NO,General Equipment Rental,From Supplier List
The Rental Guys,therentalguys.com,Calgary,AB,CAN,YES,YES,YES,YES,NO,YES,YES,NO,General Equipment Rental,From Supplier List
D&B Rentals Sales & Service,dbrentalssalesservice.com,Sterling,VA,USA,YES,YES,YES,YES,NO,YES,YES,NO,General Equipment Rental,From Supplier List
Darr Equipment Co,darrequipmentco.com,Haltom City,TX,USA,YES,YES,YES,YES,NO,YES,YES,NO,General Equipment Rental,From Supplier List
Riggs Cat,riggscat.com,Russellville,AR,USA,YES,YES,YES,YES,YES,YES,YES,YES,Full Line Cat Equipment,From Supplier List
Chet's Rent All,chetsrentall.com,Rochester Hills,MI,USA,YES,YES,YES,YES,NO,YES,YES,NO,General Equipment Rental,From Supplier List
The Equipment Connection,theequipmentconnection.com,Lancaster,CA,USA,YES,YES,YES,YES,NO,YES,YES,NO,General Equipment Rental,From Supplier List
H&C Rents,hcrents.com,Murfreesboro,TN,USA,YES,YES,YES,YES,NO,YES,YES,NO,General Equipment Rental,From Supplier List
U-Rent It Sales & Service HQ,urentitsalesservicehq.com,Terrell,TX,USA,YES,YES,YES,YES,NO,YES,YES,NO,General Equipment Rental,From Supplier List
Rattlesnake Rentals,rattlesnakerentals.com,Lake Havau City,AZ,USA,YES,YES,YES,YES,NO,YES,YES,NO,General Equipment Rental,From Supplier List
"Cal-West Rentals, Inc",calwestrentalsinc.com,San Rafael,CA,USA,YES,YES,YES,YES,NO,YES,YES,NO,General Equipment Rental,From Supplier List
HTX Material Handling,htxmaterialhandling.com,Houston,TX,USA,NO,NO,YES,NO,NO,NO,NO,YES,"Forklifts, Material Handling",From Supplier List
